{"type": "FeatureCollection", "_generated_by": "scripts/build_suburbs.py — do not edit by hand", "_source": "https://gis.wcc.govt.nz/arcgis/rest/services/PropertyAndBoundaries/Boundaries/MapServer/4", "_attribution": "Suburb boundaries © Wellington City Council.", "features": [{"type": "Feature", "properties": {"suburb": "Aro Valley", "postcode": 6021}, "geometry": {"type": "MultiPolygon", "coordinates": [[[[174.760197, -41.289234], [174.759921, -41.289153], [174.759712, -41.289397], [174.759389, -41.289198], [174.758587, -41.289887], [174.759153, -41.29033], [174.760188, -41.290487], [174.760072, -41.290865], [174.759684, -41.29081], [174.759212, -41.291691], [174.759538, -41.29176], [174.759213, -41.292057], [174.758593, -41.291884], [174.758415, -41.292864], [174.758863, -41.292812], [174.758879, -41.292948], [174.757752, -41.29336], [174.758142, -41.293683], [174.75685, -41.294129], [174.755668, -41.293202], [174.754516, -41.293932], [174.754902, -41.29478], [174.754506, -41.295202], [174.754868, -41.295552], [174.754578, -41.295454], [174.754515, -41.295771], [174.754032, -41.296014], [174.753538, -41.295895], [174.753911, -41.296153], [174.753892, -41.296505], [174.753355, -41.298379], [174.758411, -41.299284], [174.758669, -41.298834], [174.759192, -41.298764], [174.759569, -41.298121], [174.761702, -41.298089], [174.762086, -41.297719], [174.762349, -41.29773], [174.762501, -41.297374], [174.763307, -41.297778], [174.763087, -41.29823], [174.763478, -41.298407], [174.763848, -41.297757], [174.766221, -41.298519], [174.766979, -41.29718], [174.768976, -41.297803], [174.76951, -41.297347], [174.770161, -41.297244], [174.771233, -41.295313], [174.767746, -41.294209], [174.767968, -41.293814], [174.767447, -41.293647], [174.767913, -41.29288], [174.767093, -41.292744], [174.766903, -41.292852], [174.766973, -41.293218], [174.766461, -41.293279], [174.766477, -41.293495], [174.766211, -41.293686], [174.765705, -41.293595], [174.765319, -41.294274], [174.764547, -41.294229], [174.764229, -41.293857], [174.765118, -41.29326], [174.76535, -41.29334], [174.765825, -41.292535], [174.765239, -41.292437], [174.765061, -41.292576], [174.764828, -41.292369], [174.761647, -41.291787], [174.761869, -41.290935], [174.761692, -41.2909], [174.761957, -41.290596], [174.761468, -41.290524], [174.761513, -41.290254], [174.761662, -41.290262], [174.761592, -41.289848], [174.760459, -41.289369], [174.760497, -41.289216], [174.760197, -41.289234]]]]}}, {"type": "Feature", "properties": {"suburb": "Berhampore", "postcode": 6023}, "geometry": {"type": "MultiPolygon", "coordinates": [[[[174.771759, -41.315762], [174.77173, -41.31638], [174.769453, -41.316312], [174.76886, -41.324759], [174.764311, -41.324654], [174.764268, -41.32804], [174.776523, -41.328111], [174.778756, -41.328403], [174.780121, -41.328136], [174.780362, -41.328646], [174.780938, -41.328611], [174.781027, -41.329209], [174.782662, -41.330062], [174.785709, -41.330089], [174.785697, -41.329825], [174.786367, -41.329611], [174.786369, -41.329209], [174.785248, -41.328385], [174.785634, -41.326993], [174.785008, -41.325938], [174.783328, -41.324563], [174.782413, -41.324323], [174.782507, -41.323845], [174.78186, -41.323361], [174.781991, -41.322176], [174.781167, -41.321159], [174.781075, -41.319694], [174.780554, -41.319781], [174.78062, -41.318465], [174.778039, -41.318392], [174.778148, -41.316403], [174.776764, -41.316367], [174.776776, -41.316181], [174.775577, -41.316093], [174.77556, -41.316334], [174.77538, -41.31633], [174.77542, -41.315536], [174.774365, -41.315354], [174.772953, -41.315424], [174.771759, -41.315762]]]]}}, {"type": "Feature", "properties": {"suburb": "Breaker Bay", "postcode": 6022}, "geometry": {"type": "MultiPolygon", "coordinates": [[[[174.837765, -41.331587], [174.837984, -41.331437], [174.837938, -41.330537], [174.838367, -41.329143], [174.838301, -41.328526], [174.838911, -41.327623], [174.839031, -41.326766], [174.838845, -41.325733], [174.839013, -41.325415], [174.838294, -41.325772], [174.838432, -41.325968], [174.838254, -41.326303], [174.83827, -41.327331], [174.837811, -41.327864], [174.837799, -41.328543], [174.837657, -41.328926], [174.837396, -41.329062], [174.837594, -41.329216], [174.837431, -41.329624], [174.837173, -41.329682], [174.837076, -41.329375], [174.83578, -41.328824], [174.834464, -41.328762], [174.833012, -41.329273], [174.833136, -41.328997], [174.832089, -41.329292], [174.831207, -41.329196], [174.829522, -41.330528], [174.828994, -41.330197], [174.828501, -41.330428], [174.826834, -41.328779], [174.826086, -41.329945], [174.824299, -41.331612], [174.824059, -41.332812], [174.823296, -41.333326], [174.823236, -41.333735], [174.822707, -41.333973], [174.822548, -41.334401], [174.822647, -41.335072], [174.822053, -41.335833], [174.822752, -41.336602], [174.82234, -41.338597], [174.822928, -41.339677], [174.821641, -41.340624], [174.821479, -41.341307], [174.821818, -41.341894], [174.820962, -41.342218], [174.820833, -41.341701], [174.820381, -41.341386], [174.818064, -41.341336], [174.817991, -41.341696], [174.81742, -41.341828], [174.817372, -41.342448], [174.816969, -41.342842], [174.81722, -41.343723], [174.81757, -41.343696], [174.818034, -41.343293], [174.818602, -41.342415], [174.81942, -41.34232], [174.819711, -41.342505], [174.819754, -41.34291], [174.820271, -41.343148], [174.820538, -41.343536], [174.820403, -41.344384], [174.820501, -41.344608], [174.820894, -41.344735], [174.821594, -41.344271], [174.821873, -41.343657], [174.822727, -41.343303], [174.823808, -41.340894], [174.825159, -41.340214], [174.824195, -41.33913], [174.824176, -41.338589], [174.824368, -41.338113], [174.824691, -41.337926], [174.824584, -41.337433], [174.824901, -41.337111], [174.824351, -41.336322], [174.824346, -41.335748], [174.825973, -41.334828], [174.826202, -41.333281], [174.826584, -41.332653], [174.827282, -41.332539], [174.828029, -41.332974], [174.828494, -41.33301], [174.829727, -41.3324], [174.830678, -41.331391], [174.831053, -41.330583], [174.832233, -41.330132], [174.834541, -41.32994], [174.83559, -41.330055], [174.836426, -41.330443], [174.837765, -41.331587]]]]}}, {"type": "Feature", "properties": {"suburb": "Broadmeadows", "postcode": 6035}, "geometry": {"type": "MultiPolygon", "coordinates": [[[[174.789973, -41.227768], [174.78942, -41.227279], [174.788186, -41.22688], [174.7879, -41.226118], [174.786289, -41.224979], [174.786384, -41.227669], [174.785963, -41.228575], [174.786439, -41.232271], [174.787957, -41.233057], [174.78791, -41.233453], [174.788735, -41.234077], [174.789351, -41.236167], [174.792418, -41.238399], [174.792068, -41.23865], [174.792897, -41.239234], [174.79275, -41.23974], [174.79329, -41.240188], [174.792964, -41.239883], [174.793397, -41.239433], [174.793807, -41.239409], [174.794865, -41.24016], [174.797593, -41.238359], [174.79806, -41.236415], [174.797931, -41.234557], [174.797757, -41.234246], [174.797921, -41.233719], [174.79757, -41.233593], [174.797987, -41.232675], [174.797573, -41.232615], [174.796938, -41.233183], [174.796972, -41.23342], [174.796319, -41.233369], [174.794026, -41.231775], [174.794802, -41.231139], [174.794091, -41.230139], [174.79441, -41.230007], [174.79376, -41.229836], [174.793088, -41.230141], [174.792157, -41.229451], [174.791422, -41.230082], [174.791044, -41.22979], [174.791771, -41.228307], [174.789973, -41.227768]]]]}}, {"type": "Feature", "properties": {"suburb": "Brooklyn", "postcode": 6021}, "geometry": {"type": "MultiPolygon", "coordinates": [[[[174.75987, -41.323708], [174.760361, -41.321902], [174.761065, -41.322025], [174.761497, -41.320614], [174.760985, -41.320525], [174.761605, -41.319072], [174.761209, -41.31882], [174.761443, -41.317884], [174.76263, -41.317922], [174.763832, -41.317248], [174.762923, -41.316528], [174.763003, -41.316103], [174.763786, -41.316127], [174.763896, -41.315539], [174.765062, -41.315817], [174.765145, -41.31617], [174.766466, -41.316213], [174.766575, -41.31531], [174.766851, -41.315322], [174.76665, -41.314951], [174.766166, -41.314928], [174.76621, -41.314662], [174.766589, -41.314568], [174.766566, -41.314337], [174.766268, -41.314311], [174.766385, -41.313122], [174.766787, -41.313174], [174.766562, -41.312306], [174.766777, -41.312283], [174.766847, -41.311985], [174.767694, -41.312044], [174.767743, -41.311736], [174.768181, -41.311621], [174.768195, -41.311308], [174.768051, -41.311293], [174.768177, -41.310531], [174.768696, -41.310548], [174.76874, -41.310289], [174.77014, -41.310266], [174.769685, -41.30993], [174.769993, -41.305869], [174.767657, -41.305781], [174.767711, -41.30524], [174.768051, -41.305314], [174.769342, -41.304453], [174.769189, -41.304213], [174.769469, -41.303245], [174.769239, -41.303183], [174.769707, -41.302242], [174.769284, -41.30083], [174.768462, -41.300019], [174.768679, -41.298359], [174.768976, -41.297803], [174.766979, -41.29718], [174.766221, -41.298519], [174.763848, -41.297757], [174.763478, -41.298407], [174.763087, -41.29823], [174.763307, -41.297778], [174.762501, -41.297374], [174.762349, -41.29773], [174.762086, -41.297719], [174.761702, -41.298089], [174.759569, -41.298121], [174.759192, -41.298764], [174.758669, -41.298834], [174.758411, -41.299284], [174.753355, -41.298379], [174.752341, -41.301924], [174.749875, -41.300451], [174.749712, -41.301483], [174.749248, -41.302057], [174.749629, -41.302546], [174.749723, -41.303296], [174.749162, -41.304062], [174.74932, -41.304809], [174.748684, -41.305141], [174.747327, -41.305209], [174.747457, -41.305836], [174.747192, -41.306739], [174.746521, -41.307744], [174.746203, -41.308653], [174.745579, -41.309334], [174.745415, -41.310728], [174.744444, -41.311159], [174.74317, -41.310844], [174.742117, -41.31087], [174.741655, -41.310444], [174.740692, -41.310584], [174.739307, -41.311596], [174.738099, -41.314231], [174.737653, -41.314433], [174.736957, -41.31521], [174.733676, -41.316024], [174.7328, -41.315951], [174.731752, -41.313832], [174.732002, -41.313467], [174.732164, -41.308902], [174.73261, -41.308662], [174.732906, -41.307623], [174.73317, -41.307382], [174.733062, -41.306422], [174.732398, -41.305581], [174.733541, -41.305121], [174.733877, -41.304147], [174.735879, -41.302687], [174.736169, -41.301974], [174.737263, -41.301926], [174.737319, -41.301199], [174.737748, -41.300553], [174.73597, -41.300009], [174.735107, -41.300022], [174.73385, -41.299522], [174.73139, -41.299189], [174.73057, -41.298895], [174.729243, -41.306101], [174.728386, -41.305805], [174.723858, -41.307464], [174.722266, -41.306479], [174.719428, -41.306711], [174.718729, -41.307048], [174.717947, -41.306907], [174.71754, -41.307082], [174.719507, -41.309058], [174.7048, -41.314444], [174.703775, -41.317088], [174.706797, -41.317753], [174.706565, -41.319183], [174.705513, -41.321745], [174.70601, -41.322726], [174.705938, -41.323827], [174.705405, -41.324936], [174.70574, -41.326045], [174.703671, -41.327253], [174.692521, -41.339953], [174.69328, -41.341257], [174.694451, -41.341883], [174.6964, -41.34222], [174.694179, -41.344759], [174.693715, -41.346643], [174.695824, -41.347465], [174.696332, -41.347867], [174.696691, -41.349306], [174.696957, -41.349613], [174.696863, -41.350391], [174.697035, -41.350636], [174.698685, -41.351062], [174.701535, -41.352851], [174.702089, -41.354759], [174.703168, -41.355665], [174.704002, -41.357057], [174.705678, -41.357624], [174.706167, -41.357329], [174.706562, -41.357296], [174.707165, -41.357593], [174.708161, -41.357572], [174.709103, -41.357245], [174.710736, -41.357687], [174.71171, -41.357668], [174.713594, -41.358881], [174.71392, -41.358519], [174.711215, -41.341117], [174.719882, -41.333602], [174.720631, -41.334343], [174.722593, -41.333241], [174.723298, -41.333612], [174.724061, -41.333743], [174.724562, -41.333569], [174.725184, -41.333178], [174.725634, -41.332242], [174.726124, -41.331901], [174.726281, -41.330659], [174.727142, -41.329741], [174.727845, -41.33004], [174.729049, -41.330117], [174.731137, -41.32899], [174.731335, -41.328081], [174.732262, -41.327281], [174.733171, -41.326981], [174.733532, -41.326308], [174.732946, -41.324458], [174.733618, -41.32359], [174.733302, -41.321188], [174.733633, -41.319372], [174.734903, -41.318409], [174.734913, -41.317575], [174.735635, -41.317397], [174.736057, -41.316628], [174.737843, -41.316005], [174.739236, -41.314912], [174.74025, -41.3138], [174.740066, -41.31285], [174.740333, -41.312202], [174.741296, -41.311568], [174.741872, -41.311821], [174.7446, -41.312185], [174.74618, -41.312185], [174.746745, -41.31201], [174.747174, -41.311503], [174.747181, -41.309939], [174.748733, -41.314691], [174.75272, -41.322707], [174.752617, -41.323117], [174.758807, -41.323989], [174.758869, -41.323625], [174.75987, -41.323708]]]]}}, {"type": "Feature", "properties": {"suburb": "Churton Park", "postcode": 6037}, "geometry": {"type": "MultiPolygon", "coordinates": [[[[174.810614, -41.199806], [174.811982, -41.199569], [174.812002, -41.198984], [174.812317, -41.198937], [174.812869, -41.199064], [174.813475, -41.199518], [174.818802, -41.193508], [174.812547, -41.190404], [174.81248, -41.190865], [174.812142, -41.191242], [174.808289, -41.189362], [174.811629, -41.185872], [174.805221, -41.182305], [174.804129, -41.182406], [174.802014, -41.185556], [174.80013, -41.197932], [174.796037, -41.202756], [174.80017, -41.204622], [174.799428, -41.205459], [174.798739, -41.209305], [174.795975, -41.211703], [174.795723, -41.212136], [174.795713, -41.212364], [174.796213, -41.212542], [174.796408, -41.213141], [174.795918, -41.21344], [174.795812, -41.213889], [174.79729, -41.213746], [174.796756, -41.214988], [174.797311, -41.215191], [174.797582, -41.215837], [174.797957, -41.215832], [174.798231, -41.214942], [174.798985, -41.214439], [174.7997, -41.214597], [174.800809, -41.214046], [174.801371, -41.213204], [174.801485, -41.212545], [174.803068, -41.212711], [174.803221, -41.212749], [174.803978, -41.214696], [174.804577, -41.214077], [174.805176, -41.214208], [174.805107, -41.214328], [174.805364, -41.214431], [174.805875, -41.213974], [174.806382, -41.214194], [174.806238, -41.214419], [174.808748, -41.21501], [174.809302, -41.214711], [174.809925, -41.215121], [174.810195, -41.214678], [174.810891, -41.214797], [174.810964, -41.214996], [174.809949, -41.21636], [174.809687, -41.217026], [174.811402, -41.21774], [174.81331, -41.214718], [174.813489, -41.213997], [174.814716, -41.212163], [174.815637, -41.210199], [174.814702, -41.209143], [174.814386, -41.209273], [174.814081, -41.208828], [174.814066, -41.208249], [174.813171, -41.208106], [174.812067, -41.208567], [174.811548, -41.205494], [174.811679, -41.204897], [174.812103, -41.204581], [174.812441, -41.203879], [174.812168, -41.203716], [174.812716, -41.203311], [174.811322, -41.20231], [174.811505, -41.201818], [174.810896, -41.201297], [174.810901, -41.200381], [174.810614, -41.199806]]]]}}, {"type": "Feature", "properties": {"suburb": "Crofton Downs", "postcode": 6035}, "geometry": {"type": "MultiPolygon", "coordinates": [[[[174.761121, -41.252833], [174.759587, -41.252507], [174.760095, -41.252128], [174.758208, -41.24817], [174.757067, -41.248598], [174.756292, -41.24863], [174.753061, -41.250217], [174.752979, -41.251418], [174.755222, -41.254023], [174.751163, -41.257027], [174.7581, -41.262088], [174.757795, -41.262316], [174.758168, -41.262596], [174.758007, -41.263495], [174.759522, -41.263419], [174.759958, -41.262744], [174.760912, -41.262997], [174.761204, -41.262379], [174.760561, -41.262118], [174.760638, -41.261663], [174.760919, -41.261681], [174.76115, -41.262053], [174.761635, -41.262156], [174.762191, -41.261895], [174.762144, -41.261572], [174.762421, -41.261432], [174.763373, -41.26134], [174.763718, -41.261532], [174.763122, -41.261927], [174.763048, -41.262521], [174.762348, -41.263191], [174.762492, -41.263217], [174.763209, -41.262818], [174.763499, -41.262301], [174.764835, -41.261237], [174.766314, -41.26088], [174.766884, -41.26056], [174.768213, -41.260458], [174.76914, -41.259725], [174.768155, -41.258919], [174.769129, -41.25834], [174.768668, -41.258095], [174.768007, -41.258258], [174.767779, -41.257815], [174.767942, -41.257598], [174.767482, -41.257447], [174.767974, -41.257099], [174.767088, -41.256881], [174.767235, -41.25621], [174.766726, -41.25586], [174.766819, -41.255354], [174.767367, -41.254582], [174.767177, -41.254461], [174.769468, -41.253586], [174.769318, -41.252279], [174.768786, -41.252432], [174.76834, -41.251919], [174.767829, -41.252254], [174.767584, -41.251473], [174.76601, -41.25185], [174.765814, -41.252503], [174.762863, -41.253799], [174.762206, -41.253371], [174.762479, -41.252893], [174.761613, -41.252624], [174.761389, -41.252941], [174.761121, -41.252833]]]]}}, {"type": "Feature", "properties": {"suburb": "Glenside", "postcode": 6037}, "geometry": {"type": "MultiPolygon", "coordinates": [[[[174.811559, -41.199526], [174.810614, -41.199806], [174.810901, -41.200381], [174.810896, -41.201297], [174.811505, -41.201818], [174.811322, -41.20231], [174.812716, -41.203311], [174.812168, -41.203716], [174.812441, -41.203879], [174.812103, -41.204581], [174.811679, -41.204897], [174.811548, -41.205494], [174.812067, -41.208567], [174.813171, -41.208106], [174.814066, -41.208249], [174.814081, -41.208828], [174.814386, -41.209273], [174.814702, -41.209143], [174.815637, -41.210199], [174.817137, -41.208124], [174.817374, -41.207125], [174.819094, -41.205474], [174.821512, -41.204192], [174.823222, -41.201801], [174.825258, -41.197077], [174.825877, -41.196777], [174.826374, -41.195992], [174.82763, -41.195058], [174.829915, -41.193933], [174.831172, -41.18954], [174.812839, -41.188192], [174.812547, -41.190404], [174.818802, -41.193508], [174.813475, -41.199518], [174.812869, -41.199064], [174.812317, -41.198937], [174.812002, -41.198984], [174.811982, -41.199569], [174.811692, -41.199671], [174.811559, -41.199526]]]]}}, {"type": "Feature", "properties": {"suburb": "Grenada North", "postcode": 5028}, "geometry": {"type": "MultiPolygon", "coordinates": [[[[174.854014, -41.188983], [174.854422, -41.187882], [174.854579, -41.18678], [174.854868, -41.18168], [174.840904, -41.180362], [174.840956, -41.179924], [174.837162, -41.179637], [174.836442, -41.17998], [174.835073, -41.181297], [174.833497, -41.182309], [174.832849, -41.183907], [174.829915, -41.193933], [174.829008, -41.194401], [174.830472, -41.195822], [174.832993, -41.194513], [174.833902, -41.194739], [174.834377, -41.196065], [174.834287, -41.196324], [174.836933, -41.19618], [174.835903, -41.189869], [174.840067, -41.190179], [174.841237, -41.192427], [174.842578, -41.19346], [174.842708, -41.193794], [174.842515, -41.193996], [174.845493, -41.194114], [174.845545, -41.193234], [174.845968, -41.193048], [174.847346, -41.192715], [174.849007, -41.192901], [174.850452, -41.192559], [174.85076, -41.192034], [174.851584, -41.191991], [174.852431, -41.192455], [174.852784, -41.192924], [174.854014, -41.188983]]]]}}, {"type": "Feature", "properties": {"suburb": "Grenada Village", "postcode": 6037}, "geometry": {"type": "MultiPolygon", "coordinates": [[[[174.838845, -41.190093], [174.835903, -41.189869], [174.836933, -41.19618], [174.834287, -41.196324], [174.834377, -41.196065], [174.833902, -41.194739], [174.832993, -41.194513], [174.830472, -41.195822], [174.829008, -41.194401], [174.82763, -41.195058], [174.826374, -41.195992], [174.825877, -41.196777], [174.825258, -41.197077], [174.823222, -41.201801], [174.821512, -41.204192], [174.819094, -41.205474], [174.817374, -41.207125], [174.817137, -41.208124], [174.815637, -41.210199], [174.816465, -41.210734], [174.817342, -41.211667], [174.817231, -41.211737], [174.818947, -41.212773], [174.819424, -41.212532], [174.820311, -41.212797], [174.821341, -41.211643], [174.827005, -41.212387], [174.827845, -41.208951], [174.833977, -41.202182], [174.837481, -41.202606], [174.840394, -41.201344], [174.842609, -41.199508], [174.84334, -41.198515], [174.844327, -41.198324], [174.843739, -41.196759], [174.84224, -41.197168], [174.842098, -41.196425], [174.842215, -41.19579], [174.841323, -41.194908], [174.840861, -41.194009], [174.841604, -41.193694], [174.842206, -41.194043], [174.84265, -41.193975], [174.842578, -41.19346], [174.841237, -41.192427], [174.840067, -41.190179], [174.838845, -41.190093]]]]}}, {"type": "Feature", "properties": {"suburb": "Hataitai", "postcode": 6021}, "geometry": {"type": "MultiPolygon", "coordinates": [[[[174.805707, -41.29835], [174.804032, -41.296825], [174.803819, -41.296552], [174.803964, -41.296241], [174.803581, -41.296205], [174.803636, -41.29632], [174.802982, -41.296569], [174.802248, -41.296351], [174.801849, -41.296712], [174.801268, -41.296566], [174.801169, -41.296773], [174.800915, -41.296692], [174.801114, -41.296517], [174.799699, -41.296084], [174.799312, -41.296347], [174.798593, -41.2964], [174.798156, -41.296855], [174.797892, -41.296633], [174.797529, -41.296879], [174.797235, -41.296348], [174.796885, -41.296314], [174.795476, -41.295463], [174.794665, -41.297024], [174.794307, -41.296934], [174.793192, -41.297686], [174.79236, -41.298852], [174.791246, -41.299676], [174.790652, -41.300582], [174.789974, -41.3011], [174.789624, -41.302416], [174.788929, -41.302833], [174.789108, -41.303324], [174.787899, -41.305678], [174.788655, -41.306552], [174.787933, -41.307151], [174.787846, -41.308208], [174.788197, -41.309158], [174.787775, -41.309849], [174.788297, -41.310437], [174.78828, -41.311015], [174.789034, -41.312256], [174.788172, -41.312669], [174.789337, -41.313124], [174.789907, -41.312979], [174.789972, -41.312177], [174.790261, -41.311896], [174.792887, -41.311978], [174.797034, -41.312688], [174.797123, -41.312439], [174.797334, -41.31245], [174.796848, -41.312152], [174.797201, -41.311959], [174.79964, -41.312034], [174.797282, -41.311914], [174.797967, -41.31139], [174.799445, -41.311433], [174.798036, -41.311334], [174.798757, -41.310732], [174.800058, -41.311229], [174.798564, -41.310288], [174.798308, -41.309743], [174.79835, -41.3089], [174.798601, -41.309], [174.798692, -41.308837], [174.799116, -41.309056], [174.799242, -41.308873], [174.798767, -41.308639], [174.799101, -41.30822], [174.799408, -41.308336], [174.799539, -41.308147], [174.799198, -41.308013], [174.798939, -41.307604], [174.799304, -41.306921], [174.799306, -41.30611], [174.799489, -41.305938], [174.799777, -41.306024], [174.79952, -41.30591], [174.799624, -41.305812], [174.800464, -41.305908], [174.801015, -41.305424], [174.801531, -41.305268], [174.801873, -41.304705], [174.802327, -41.305484], [174.801993, -41.3047], [174.802089, -41.304525], [174.802833, -41.304487], [174.803081, -41.304146], [174.803966, -41.304321], [174.803937, -41.303884], [174.804196, -41.303583], [174.804351, -41.303877], [174.804329, -41.303578], [174.805647, -41.303549], [174.806196, -41.303251], [174.805824, -41.300702], [174.805438, -41.300338], [174.805796, -41.298608], [174.805707, -41.29835]]]]}}, {"type": "Feature", "properties": {"suburb": "Highbury", "postcode": 6012}, "geometry": {"type": "MultiPolygon", "coordinates": [[[[174.755579, -41.290529], [174.755316, -41.29048], [174.755137, -41.291293], [174.754727, -41.29127], [174.754399, -41.291641], [174.754254, -41.292362], [174.754511, -41.292464], [174.753263, -41.293916], [174.7532, -41.294354], [174.752393, -41.294913], [174.751815, -41.296307], [174.751331, -41.296799], [174.750388, -41.297269], [174.749919, -41.298123], [174.749875, -41.300451], [174.752341, -41.301924], [174.753892, -41.296505], [174.753911, -41.296153], [174.753538, -41.295895], [174.754032, -41.296014], [174.754515, -41.295771], [174.754578, -41.295454], [174.754868, -41.295552], [174.754506, -41.295202], [174.754902, -41.29478], [174.754516, -41.293932], [174.755668, -41.293202], [174.75685, -41.294129], [174.758142, -41.293683], [174.757752, -41.29336], [174.758879, -41.292948], [174.758863, -41.292812], [174.758415, -41.292864], [174.758593, -41.291884], [174.759213, -41.292057], [174.759538, -41.29176], [174.759212, -41.291691], [174.759583, -41.291215], [174.759655, -41.290675], [174.759205, -41.290628], [174.75917, -41.290793], [174.757948, -41.29101], [174.757518, -41.291831], [174.757063, -41.291444], [174.756603, -41.291647], [174.756075, -41.291315], [174.756341, -41.291144], [174.756341, -41.29072], [174.755579, -41.290529]]]]}}, {"type": "Feature", "properties": {"suburb": "Horokiwi", "postcode": 5016}, "geometry": {"type": "MultiPolygon", "coordinates": [[[[174.867334, -41.189449], [174.865505, -41.189144], [174.868159, -41.186357], [174.854656, -41.184675], [174.854422, -41.187882], [174.852784, -41.192924], [174.852431, -41.192455], [174.851584, -41.191991], [174.85076, -41.192034], [174.850452, -41.192559], [174.849007, -41.192901], [174.847346, -41.192715], [174.845968, -41.193048], [174.845545, -41.193234], [174.845493, -41.194114], [174.842206, -41.194043], [174.841604, -41.193694], [174.840861, -41.194009], [174.841323, -41.194908], [174.842215, -41.19579], [174.842098, -41.196425], [174.84224, -41.197168], [174.843739, -41.196759], [174.844327, -41.198324], [174.84334, -41.198515], [174.842609, -41.199508], [174.840394, -41.201344], [174.837481, -41.202606], [174.842386, -41.207313], [174.838865, -41.213501], [174.8469, -41.21449], [174.842259, -41.216887], [174.843944, -41.219064], [174.843106, -41.224854], [174.837499, -41.225216], [174.840963, -41.229737], [174.839985, -41.230794], [174.837742, -41.231296], [174.837672, -41.231743], [174.836437, -41.232144], [174.834869, -41.233638], [174.835021, -41.233747], [174.834754, -41.2343], [174.83439, -41.23396], [174.833745, -41.234447], [174.832576, -41.233361], [174.831635, -41.233922], [174.832915, -41.235113], [174.832901, -41.235462], [174.833516, -41.236015], [174.835599, -41.234574], [174.837802, -41.232693], [174.839964, -41.231938], [174.841352, -41.231213], [174.84293, -41.229621], [174.843645, -41.229168], [174.850357, -41.227323], [174.849811, -41.226623], [174.850656, -41.22643], [174.851291, -41.225919], [174.852689, -41.225665], [174.852653, -41.225156], [174.85327, -41.225202], [174.853287, -41.225516], [174.85578, -41.224737], [174.855261, -41.223742], [174.856758, -41.224321], [174.857533, -41.224025], [174.856799, -41.223078], [174.857295, -41.222814], [174.857066, -41.222522], [174.86185, -41.214281], [174.861035, -41.213216], [174.861019, -41.212818], [174.860417, -41.212046], [174.86031, -41.211465], [174.859334, -41.21075], [174.859735, -41.210032], [174.859028, -41.209906], [174.860261, -41.205786], [174.862515, -41.206017], [174.86329, -41.20285], [174.860823, -41.202564], [174.864521, -41.19585], [174.866398, -41.196056], [174.867296, -41.192823], [174.867334, -41.189449]]]]}}, {"type": "Feature", "properties": {"suburb": "Houghton Bay", "postcode": 6023}, "geometry": {"type": "MultiPolygon", "coordinates": [[[[174.785346, -41.33049], [174.78535, -41.330084], [174.782662, -41.330062], [174.782963, -41.330185], [174.782865, -41.331681], [174.784005, -41.331856], [174.784003, -41.332027], [174.78361, -41.332024], [174.784472, -41.333189], [174.784666, -41.334641], [174.784968, -41.334644], [174.784955, -41.335584], [174.78354, -41.336898], [174.783386, -41.337538], [174.782923, -41.338007], [174.781989, -41.338578], [174.781307, -41.340555], [174.781629, -41.341197], [174.781612, -41.341711], [174.781873, -41.341723], [174.781587, -41.342011], [174.78017, -41.34233], [174.780161, -41.343339], [174.779056, -41.344491], [174.77917, -41.344594], [174.778589, -41.34472], [174.778167, -41.34596], [174.779073, -41.346002], [174.779596, -41.345565], [174.780803, -41.345045], [174.78215, -41.345087], [174.782293, -41.344905], [174.781884, -41.344326], [174.782551, -41.343717], [174.783164, -41.343311], [174.783617, -41.343438], [174.784512, -41.34252], [174.785542, -41.342487], [174.786508, -41.342806], [174.787138, -41.343278], [174.786792, -41.343668], [174.78764, -41.343967], [174.787948, -41.344276], [174.78812, -41.344926], [174.787405, -41.345402], [174.787079, -41.345938], [174.787983, -41.346145], [174.788563, -41.345638], [174.788779, -41.345837], [174.789134, -41.345739], [174.789446, -41.346116], [174.790637, -41.346004], [174.791341, -41.346485], [174.791401, -41.346923], [174.791415, -41.345483], [174.79077, -41.344666], [174.790767, -41.343758], [174.790352, -41.343533], [174.790116, -41.342634], [174.789818, -41.342631], [174.789868, -41.341184], [174.790051, -41.341182], [174.790101, -41.34082], [174.789672, -41.340435], [174.788327, -41.34044], [174.788393, -41.340053], [174.789386, -41.339319], [174.789319, -41.338868], [174.789792, -41.338828], [174.790174, -41.338439], [174.79054, -41.338772], [174.790868, -41.338567], [174.791001, -41.338213], [174.790785, -41.338113], [174.791269, -41.338032], [174.791544, -41.337465], [174.790113, -41.336121], [174.789962, -41.335399], [174.790164, -41.335033], [174.790474, -41.335032], [174.790402, -41.334669], [174.789814, -41.33467], [174.78928, -41.331936], [174.788794, -41.331931], [174.788655, -41.33168], [174.787895, -41.331788], [174.78771, -41.332044], [174.787188, -41.332041], [174.786549, -41.331418], [174.78671, -41.331293], [174.785906, -41.330708], [174.785999, -41.330562], [174.785346, -41.33049]]]]}}, {"type": "Feature", "properties": {"suburb": "Island Bay", "postcode": 6023}, "geometry": {"type": "MultiPolygon", "coordinates": [[[[174.771358, -41.328083], [174.764268, -41.32804], [174.764256, -41.329017], [174.764997, -41.329593], [174.765783, -41.330702], [174.767132, -41.33207], [174.767287, -41.333183], [174.765968, -41.334815], [174.765469, -41.336741], [174.764683, -41.336423], [174.764821, -41.335239], [174.764313, -41.335094], [174.764267, -41.335333], [174.76381, -41.335352], [174.762829, -41.336286], [174.762091, -41.336026], [174.761791, -41.336516], [174.762341, -41.336474], [174.762865, -41.336898], [174.763296, -41.336976], [174.763447, -41.337348], [174.763245, -41.337712], [174.76238, -41.337654], [174.762508, -41.338214], [174.762071, -41.338195], [174.761976, -41.33843], [174.761313, -41.33828], [174.761442, -41.338725], [174.761153, -41.338878], [174.76233, -41.339104], [174.762572, -41.339023], [174.762654, -41.33876], [174.763923, -41.338277], [174.763837, -41.337992], [174.764161, -41.338128], [174.763769, -41.338491], [174.764162, -41.33935], [174.763232, -41.340134], [174.762655, -41.340272], [174.761881, -41.341725], [174.76207, -41.342211], [174.761954, -41.342836], [174.761366, -41.342741], [174.761069, -41.343066], [174.761045, -41.343418], [174.761879, -41.34355], [174.76197, -41.34373], [174.762748, -41.343971], [174.762215, -41.344669], [174.76184, -41.344493], [174.761253, -41.344603], [174.761026, -41.34453], [174.761133, -41.344341], [174.760864, -41.344258], [174.760758, -41.344443], [174.760538, -41.344273], [174.760454, -41.344409], [174.760837, -41.34481], [174.760825, -41.345252], [174.761223, -41.346057], [174.760208, -41.346363], [174.760156, -41.34684], [174.759574, -41.347302], [174.759423, -41.347676], [174.75958, -41.34836], [174.76118, -41.348847], [174.761557, -41.348502], [174.762737, -41.348952], [174.762841, -41.348478], [174.76396, -41.348861], [174.764844, -41.348484], [174.764978, -41.348932], [174.76525, -41.348994], [174.76635, -41.348838], [174.766755, -41.348424], [174.767532, -41.348455], [174.76782, -41.348112], [174.769181, -41.347702], [174.769224, -41.347206], [174.771006, -41.345145], [174.771139, -41.344669], [174.771259, -41.344551], [174.771608, -41.344687], [174.771348, -41.344471], [174.771515, -41.344303], [174.773329, -41.343625], [174.774263, -41.343833], [174.774586, -41.34413], [174.77441, -41.34464], [174.77464, -41.344827], [174.775738, -41.344604], [174.776628, -41.345284], [174.777016, -41.345276], [174.778167, -41.34596], [174.778589, -41.34472], [174.778225, -41.344888], [174.776074, -41.344134], [174.776254, -41.340824], [174.778984, -41.340844], [174.779376, -41.340534], [174.780152, -41.340488], [174.780282, -41.339017], [174.780114, -41.338989], [174.780339, -41.3386], [174.780304, -41.33844], [174.779977, -41.338537], [174.780201, -41.337765], [174.78067, -41.337337], [174.781113, -41.33731], [174.780605, -41.336702], [174.780594, -41.33607], [174.780281, -41.335845], [174.779662, -41.33584], [174.779872, -41.335389], [174.779676, -41.33549], [174.77923, -41.335104], [174.779665, -41.33439], [174.779156, -41.334361], [174.779141, -41.334197], [174.779502, -41.33418], [174.779473, -41.333818], [174.77983, -41.333802], [174.779218, -41.333558], [174.779402, -41.333295], [174.780044, -41.333247], [174.780309, -41.33302], [174.780441, -41.332812], [174.779927, -41.332625], [174.78006, -41.332414], [174.780445, -41.332552], [174.78049, -41.332355], [174.780839, -41.332451], [174.780922, -41.332085], [174.781894, -41.331988], [174.782153, -41.331125], [174.781845, -41.33068], [174.781851, -41.330237], [174.7815, -41.330235], [174.781502, -41.330053], [174.782662, -41.330062], [174.781027, -41.329209], [174.780938, -41.328611], [174.780362, -41.328646], [174.780121, -41.328136], [174.778756, -41.328403], [174.776523, -41.328111], [174.771358, -41.328083]]], [[[174.774543, -41.348685], [174.772214, -41.349009], [174.772018, -41.349183], [174.772221, -41.349521], [174.772037, -41.349792], [174.7734, -41.350341], [174.774575, -41.349134], [174.774686, -41.34885], [174.774543, -41.348685]]], [[[174.772173, -41.348996], [174.772482, -41.348829], [174.771843, -41.347901], [174.771532, -41.347844], [174.771636, -41.348326], [174.771491, -41.349075], [174.772173, -41.348996]]]]}}, {"type": "Feature", "properties": {"suburb": "Johnsonville", "postcode": 6037}, "geometry": {"type": "MultiPolygon", "coordinates": [[[[174.803221, -41.212749], [174.801485, -41.212545], [174.801371, -41.213204], [174.800809, -41.214046], [174.7997, -41.214597], [174.798985, -41.214439], [174.798231, -41.214942], [174.797957, -41.215832], [174.797582, -41.215837], [174.797311, -41.215191], [174.796756, -41.214988], [174.79729, -41.213746], [174.795921, -41.213953], [174.795814, -41.213758], [174.794981, -41.213502], [174.794593, -41.214088], [174.793038, -41.215267], [174.792213, -41.21517], [174.791085, -41.216282], [174.790162, -41.216321], [174.790425, -41.217887], [174.787235, -41.221046], [174.789208, -41.222476], [174.788951, -41.224445], [174.786289, -41.224979], [174.7879, -41.226118], [174.788186, -41.22688], [174.78942, -41.227279], [174.789973, -41.227768], [174.790668, -41.228051], [174.791582, -41.228135], [174.791771, -41.228307], [174.791044, -41.22979], [174.791422, -41.230082], [174.792157, -41.229451], [174.793088, -41.230141], [174.79376, -41.229836], [174.79441, -41.230007], [174.794091, -41.230139], [174.794802, -41.231139], [174.794026, -41.231775], [174.796319, -41.233369], [174.796972, -41.23342], [174.796938, -41.233183], [174.797573, -41.232615], [174.797987, -41.232675], [174.79757, -41.233593], [174.797921, -41.233719], [174.797757, -41.234246], [174.797931, -41.234557], [174.79806, -41.236415], [174.797471, -41.238465], [174.79813, -41.238446], [174.800462, -41.236248], [174.800148, -41.23603], [174.800664, -41.234839], [174.800656, -41.234353], [174.800354, -41.233837], [174.800796, -41.233383], [174.801186, -41.233302], [174.801647, -41.232884], [174.804644, -41.234968], [174.805165, -41.234682], [174.805133, -41.234327], [174.80572, -41.234256], [174.805998, -41.232474], [174.806788, -41.232319], [174.807024, -41.232059], [174.808347, -41.232741], [174.809634, -41.231601], [174.809967, -41.231082], [174.809779, -41.230118], [174.810202, -41.229905], [174.810289, -41.230076], [174.811254, -41.229574], [174.811511, -41.2296], [174.81175, -41.230159], [174.812916, -41.228581], [174.813277, -41.227321], [174.812679, -41.227285], [174.813153, -41.224421], [174.813479, -41.223887], [174.813874, -41.223655], [174.813785, -41.222972], [174.813997, -41.22179], [174.81334, -41.221828], [174.81309, -41.221606], [174.813086, -41.220585], [174.809875, -41.22014], [174.811402, -41.21774], [174.809687, -41.217026], [174.809949, -41.21636], [174.810989, -41.214914], [174.810195, -41.214678], [174.809925, -41.215121], [174.809302, -41.214711], [174.808748, -41.21501], [174.806238, -41.214419], [174.806382, -41.214194], [174.805875, -41.213974], [174.805364, -41.214431], [174.805107, -41.214328], [174.805176, -41.214208], [174.804577, -41.214077], [174.803978, -41.214696], [174.803221, -41.212749]]]]}}, {"type": "Feature", "properties": {"suburb": "Kaiwharawhara", "postcode": 6035}, "geometry": {"type": "MultiPolygon", "coordinates": [[[[174.797495, -41.253124], [174.797407, -41.252857], [174.797777, -41.252772], [174.797361, -41.251929], [174.796583, -41.252183], [174.796774, -41.252637], [174.796713, -41.253294], [174.796445, -41.252938], [174.795478, -41.254303], [174.795796, -41.254603], [174.795668, -41.254879], [174.793654, -41.252983], [174.793506, -41.253354], [174.792968, -41.253266], [174.792851, -41.253572], [174.793063, -41.254195], [174.792698, -41.254892], [174.79301, -41.255439], [174.792145, -41.256357], [174.791534, -41.256446], [174.791362, -41.256863], [174.791656, -41.257249], [174.791399, -41.257449], [174.790938, -41.257296], [174.790418, -41.257928], [174.789558, -41.257314], [174.788812, -41.257512], [174.788799, -41.257117], [174.789076, -41.257011], [174.789113, -41.256723], [174.788677, -41.256311], [174.78775, -41.256234], [174.785143, -41.25653], [174.78348, -41.256396], [174.783143, -41.256868], [174.782279, -41.257287], [174.783831, -41.258751], [174.784749, -41.258843], [174.787176, -41.260459], [174.787172, -41.260677], [174.787371, -41.26076], [174.787319, -41.261097], [174.785694, -41.262574], [174.787803, -41.263055], [174.790852, -41.261349], [174.792917, -41.259295], [174.793077, -41.259395], [174.794369, -41.258248], [174.795887, -41.257353], [174.799016, -41.255996], [174.800739, -41.255507], [174.799669, -41.253601], [174.799391, -41.253691], [174.798802, -41.253309], [174.797981, -41.253577], [174.797652, -41.253213], [174.796845, -41.253477], [174.796861, -41.253331], [174.797495, -41.253124]]]]}}, {"type": "Feature", "properties": {"suburb": "Karaka Bays", "postcode": 6022}, "geometry": {"type": "MultiPolygon", "coordinates": [[[[174.831541, -41.304261], [174.831938, -41.304212], [174.831539, -41.304216], [174.831384, -41.303216], [174.831658, -41.302512], [174.831794, -41.301294], [174.832269, -41.300755], [174.832145, -41.300206], [174.832885, -41.299177], [174.832718, -41.298663], [174.832794, -41.297817], [174.83352, -41.297262], [174.83494, -41.296873], [174.835631, -41.296946], [174.835007, -41.296514], [174.833479, -41.295985], [174.831162, -41.294824], [174.830599, -41.295299], [174.8306, -41.296174], [174.829936, -41.297202], [174.829072, -41.296998], [174.828788, -41.297547], [174.828329, -41.297749], [174.828324, -41.298243], [174.828603, -41.298433], [174.828642, -41.29945], [174.828844, -41.30002], [174.829211, -41.300341], [174.829117, -41.30064], [174.829356, -41.301049], [174.829155, -41.301966], [174.829561, -41.30258], [174.829378, -41.303565], [174.82895, -41.303915], [174.829081, -41.304383], [174.828672, -41.304885], [174.829402, -41.306154], [174.828827, -41.307583], [174.829137, -41.308059], [174.828449, -41.309172], [174.828826, -41.309587], [174.828198, -41.310594], [174.827406, -41.311381], [174.82739, -41.31212], [174.827759, -41.312189], [174.828112, -41.311156], [174.828519, -41.311033], [174.828641, -41.310715], [174.829186, -41.310806], [174.82916, -41.311043], [174.829536, -41.311347], [174.830216, -41.311571], [174.830557, -41.309887], [174.831819, -41.30842], [174.832792, -41.308041], [174.833092, -41.307246], [174.832791, -41.307185], [174.831773, -41.306237], [174.831522, -41.305465], [174.831541, -41.304261]]]]}}, {"type": "Feature", "properties": {"suburb": "Karori", "postcode": 6012}, "geometry": {"type": "MultiPolygon", "coordinates": [[[[174.745135, -41.267614], [174.740686, -41.264456], [174.737883, -41.266507], [174.733405, -41.268599], [174.73188, -41.269029], [174.727044, -41.276052], [174.726802, -41.276016], [174.725138, -41.278396], [174.719386, -41.280011], [174.719765, -41.280751], [174.717635, -41.281983], [174.717599, -41.282244], [174.71722, -41.282552], [174.716981, -41.282707], [174.71666, -41.282448], [174.71578, -41.282505], [174.716761, -41.284344], [174.715376, -41.284749], [174.715819, -41.285617], [174.712994, -41.286428], [174.712261, -41.285011], [174.710303, -41.285587], [174.713455, -41.291711], [174.713971, -41.291523], [174.714855, -41.293211], [174.713615, -41.293585], [174.71428, -41.294993], [174.710997, -41.29597], [174.711203, -41.296661], [174.710496, -41.296871], [174.710648, -41.297196], [174.707587, -41.298034], [174.707767, -41.29834], [174.700968, -41.300383], [174.698969, -41.302097], [174.698388, -41.302219], [174.695267, -41.310475], [174.694188, -41.31135], [174.694784, -41.312128], [174.693789, -41.314863], [174.703775, -41.317088], [174.7048, -41.314444], [174.719507, -41.309058], [174.71754, -41.307082], [174.718403, -41.306878], [174.718729, -41.307048], [174.719428, -41.306711], [174.722266, -41.306479], [174.723858, -41.307464], [174.728386, -41.305805], [174.729243, -41.306101], [174.73057, -41.298895], [174.73139, -41.299189], [174.73385, -41.299522], [174.735107, -41.300022], [174.73597, -41.300009], [174.737748, -41.300553], [174.737319, -41.301199], [174.737263, -41.301926], [174.736169, -41.301974], [174.735879, -41.302687], [174.733877, -41.304147], [174.733541, -41.305121], [174.732398, -41.305581], [174.733062, -41.306422], [174.73317, -41.307382], [174.732906, -41.307623], [174.73261, -41.308662], [174.732164, -41.308902], [174.732002, -41.313467], [174.731752, -41.313832], [174.7328, -41.315951], [174.733676, -41.316024], [174.736957, -41.31521], [174.737653, -41.314433], [174.738099, -41.314231], [174.739307, -41.311596], [174.740692, -41.310584], [174.741655, -41.310444], [174.742117, -41.31087], [174.74317, -41.310844], [174.744444, -41.311159], [174.745415, -41.310728], [174.745579, -41.309334], [174.746203, -41.308653], [174.746521, -41.307744], [174.747192, -41.306739], [174.747457, -41.305836], [174.747327, -41.305209], [174.748684, -41.305141], [174.74932, -41.304809], [174.749162, -41.304062], [174.749723, -41.303296], [174.749629, -41.302546], [174.749248, -41.302057], [174.749712, -41.301483], [174.749919, -41.298123], [174.750388, -41.297269], [174.751331, -41.296799], [174.751815, -41.296307], [174.752393, -41.294913], [174.7532, -41.294354], [174.753263, -41.293916], [174.75451, -41.292464], [174.754254, -41.292362], [174.754399, -41.291641], [174.754727, -41.29127], [174.755137, -41.291293], [174.755327, -41.290482], [174.755517, -41.290517], [174.753626, -41.289559], [174.753957, -41.288684], [174.753517, -41.28815], [174.754083, -41.287406], [174.754614, -41.287156], [174.75449, -41.285211], [174.754125, -41.284832], [174.753573, -41.284671], [174.753668, -41.283426], [174.753383, -41.283004], [174.753653, -41.281806], [174.75406, -41.281032], [174.754125, -41.280091], [174.754327, -41.279889], [174.753242, -41.280113], [174.752672, -41.279527], [174.753337, -41.279134], [174.75348, -41.278819], [174.753282, -41.278131], [174.752918, -41.277776], [174.753321, -41.276162], [174.752824, -41.273728], [174.752452, -41.273021], [174.752416, -41.272162], [174.753197, -41.271621], [174.752818, -41.27152], [174.753041, -41.270913], [174.752692, -41.270568], [174.752567, -41.26982], [174.749465, -41.270683], [174.745135, -41.267614]]]]}}, {"type": "Feature", "properties": {"suburb": "Kelburn", "postcode": 6012}, "geometry": {"type": "MultiPolygon", "coordinates": [[[[174.77311, -41.27918], [174.772937, -41.278166], [174.773188, -41.277893], [174.772469, -41.278136], [174.771288, -41.279217], [174.769194, -41.278869], [174.766999, -41.280655], [174.763497, -41.282282], [174.762769, -41.283102], [174.761563, -41.283936], [174.758184, -41.28594], [174.758313, -41.287026], [174.757454, -41.287166], [174.757144, -41.286929], [174.756505, -41.287518], [174.756144, -41.287542], [174.755032, -41.287071], [174.754641, -41.286524], [174.754614, -41.287156], [174.754083, -41.287406], [174.753517, -41.28815], [174.753957, -41.288684], [174.753626, -41.289559], [174.755517, -41.290517], [174.756257, -41.290621], [174.756341, -41.291144], [174.756075, -41.291315], [174.756603, -41.291647], [174.757063, -41.291444], [174.757518, -41.291831], [174.757948, -41.29101], [174.75917, -41.290793], [174.759205, -41.290628], [174.760072, -41.290865], [174.760188, -41.290487], [174.760046, -41.290368], [174.759153, -41.29033], [174.758587, -41.289887], [174.759389, -41.289198], [174.759712, -41.289397], [174.759921, -41.289153], [174.760497, -41.289216], [174.760459, -41.289369], [174.761478, -41.289671], [174.761662, -41.290262], [174.761513, -41.290254], [174.761468, -41.290524], [174.761957, -41.290596], [174.761692, -41.2909], [174.761869, -41.290935], [174.761647, -41.291787], [174.764828, -41.292369], [174.765061, -41.292576], [174.765239, -41.292437], [174.765825, -41.292535], [174.76535, -41.29334], [174.765118, -41.29326], [174.764229, -41.293857], [174.764547, -41.294229], [174.765319, -41.294274], [174.765705, -41.293595], [174.766211, -41.293686], [174.766477, -41.293495], [174.766461, -41.293279], [174.766973, -41.293218], [174.766903, -41.292852], [174.767093, -41.292744], [174.767913, -41.29288], [174.767826, -41.293021], [174.768437, -41.292979], [174.769952, -41.290286], [174.771262, -41.287467], [174.772855, -41.284809], [174.77291, -41.284372], [174.773533, -41.283252], [174.773662, -41.281993], [174.77311, -41.27918]]]]}}, {"type": "Feature", "properties": {"suburb": "Khandallah", "postcode": 6035}, "geometry": {"type": "MultiPolygon", "coordinates": [[[[174.782198, -41.231846], [174.781251, -41.233322], [174.779652, -41.233474], [174.779976, -41.234281], [174.780954, -41.23522], [174.780624, -41.236853], [174.777398, -41.239576], [174.776091, -41.241767], [174.775381, -41.242031], [174.775532, -41.242194], [174.775191, -41.242375], [174.775571, -41.242784], [174.775945, -41.242683], [174.777032, -41.243329], [174.777186, -41.243898], [174.77693, -41.244101], [174.777698, -41.244174], [174.77842, -41.243591], [174.779776, -41.243859], [174.780733, -41.244553], [174.780525, -41.245124], [174.780673, -41.245194], [174.780613, -41.245601], [174.780288, -41.246126], [174.780551, -41.246434], [174.781847, -41.246139], [174.781772, -41.247925], [174.783361, -41.248814], [174.782712, -41.249471], [174.782663, -41.249779], [174.783541, -41.250533], [174.783322, -41.25071], [174.783706, -41.251643], [174.782329, -41.252338], [174.782966, -41.253267], [174.782708, -41.253322], [174.783249, -41.254697], [174.783379, -41.256494], [174.788677, -41.256311], [174.789113, -41.256723], [174.789076, -41.257011], [174.788799, -41.257117], [174.788812, -41.257512], [174.789558, -41.257314], [174.790418, -41.257928], [174.790938, -41.257296], [174.791399, -41.257449], [174.791656, -41.257249], [174.791362, -41.256863], [174.791534, -41.256446], [174.792145, -41.256357], [174.79301, -41.255439], [174.792698, -41.254892], [174.793063, -41.254195], [174.792851, -41.253572], [174.792968, -41.253266], [174.793506, -41.253354], [174.793654, -41.252983], [174.795668, -41.254879], [174.795796, -41.254603], [174.795478, -41.254303], [174.796445, -41.252938], [174.796713, -41.253294], [174.796774, -41.252637], [174.796573, -41.252199], [174.797361, -41.251929], [174.797777, -41.252772], [174.797407, -41.252857], [174.797495, -41.253124], [174.796861, -41.253331], [174.796845, -41.253477], [174.797652, -41.253213], [174.797981, -41.253577], [174.798802, -41.253309], [174.799391, -41.253691], [174.799669, -41.253601], [174.800739, -41.255507], [174.801772, -41.255215], [174.805467, -41.253578], [174.808499, -41.25146], [174.807468, -41.250427], [174.809767, -41.248961], [174.809889, -41.24826], [174.811461, -41.247455], [174.810347, -41.247242], [174.810664, -41.246531], [174.809642, -41.246374], [174.809195, -41.246518], [174.807134, -41.244769], [174.806714, -41.244938], [174.806051, -41.244625], [174.806472, -41.244163], [174.804223, -41.24203], [174.803568, -41.242425], [174.802476, -41.241663], [174.802087, -41.241897], [174.801448, -41.241635], [174.801067, -41.241144], [174.799741, -41.241513], [174.799336, -41.241337], [174.799031, -41.240864], [174.798851, -41.240936], [174.798997, -41.24076], [174.798706, -41.2407], [174.798859, -41.240557], [174.798428, -41.239904], [174.79913, -41.23933], [174.799739, -41.239755], [174.80124, -41.238851], [174.801346, -41.238962], [174.801882, -41.23853], [174.801935, -41.238028], [174.802603, -41.237746], [174.800462, -41.236248], [174.79813, -41.238446], [174.797471, -41.238465], [174.794865, -41.24016], [174.793807, -41.239409], [174.793397, -41.239433], [174.792964, -41.239883], [174.79324, -41.240199], [174.79275, -41.23974], [174.792897, -41.239234], [174.792068, -41.23865], [174.792418, -41.238399], [174.789351, -41.236167], [174.788735, -41.234077], [174.78791, -41.233453], [174.787957, -41.233057], [174.786439, -41.232271], [174.784639, -41.232485], [174.782198, -41.231846]]]]}}, {"type": "Feature", "properties": {"suburb": "Kilbirnie", "postcode": 6022}, "geometry": {"type": "MultiPolygon", "coordinates": [[[[174.796644, -41.312543], [174.792887, -41.311978], [174.790057, -41.311972], [174.790024, -41.312841], [174.789337, -41.313124], [174.789607, -41.313753], [174.790314, -41.314176], [174.79024, -41.314611], [174.789951, -41.314608], [174.789749, -41.315065], [174.790476, -41.315032], [174.790309, -41.315241], [174.79033, -41.315854], [174.790915, -41.316034], [174.788579, -41.319298], [174.788942, -41.319365], [174.789225, -41.320647], [174.789539, -41.320783], [174.789404, -41.32176], [174.790312, -41.321182], [174.790555, -41.32162], [174.791788, -41.321384], [174.792093, -41.321571], [174.792121, -41.321845], [174.793513, -41.32166], [174.794332, -41.322311], [174.798549, -41.323297], [174.799352, -41.321337], [174.801224, -41.321709], [174.801633, -41.321509], [174.801585, -41.321243], [174.802304, -41.319225], [174.802849, -41.319216], [174.803457, -41.318842], [174.804047, -41.318779], [174.803797, -41.318576], [174.803922, -41.31821], [174.803212, -41.317943], [174.803862, -41.317592], [174.803825, -41.316593], [174.802867, -41.316287], [174.801967, -41.315719], [174.797546, -41.312609], [174.798995, -41.312501], [174.797123, -41.312439], [174.797034, -41.312688], [174.796644, -41.312543]]]]}}, {"type": "Feature", "properties": {"suburb": "Kingston", "postcode": 6021}, "geometry": {"type": "MultiPolygon", "coordinates": [[[[174.767785, -41.321755], [174.767721, -41.321478], [174.767577, -41.321497], [174.767634, -41.321747], [174.766369, -41.321758], [174.766353, -41.321347], [174.765771, -41.32136], [174.765781, -41.321613], [174.765329, -41.321576], [174.765108, -41.321244], [174.765184, -41.320782], [174.764808, -41.320954], [174.763575, -41.320607], [174.763777, -41.320252], [174.763577, -41.319767], [174.763218, -41.319814], [174.763092, -41.319431], [174.762339, -41.319856], [174.761196, -41.320029], [174.760985, -41.320525], [174.761497, -41.320614], [174.761065, -41.322025], [174.760361, -41.321902], [174.75987, -41.323708], [174.760452, -41.323615], [174.761298, -41.323996], [174.760572, -41.324475], [174.760051, -41.324513], [174.758308, -41.328049], [174.761757, -41.328738], [174.762298, -41.329239], [174.763408, -41.328828], [174.764255, -41.329017], [174.764311, -41.324654], [174.76886, -41.324759], [174.769067, -41.32182], [174.767785, -41.321755]]]]}}, {"type": "Feature", "properties": {"suburb": "Lyall Bay", "postcode": 6022}, "geometry": {"type": "MultiPolygon", "coordinates": [[[[174.798549, -41.323297], [174.794332, -41.322311], [174.793513, -41.32166], [174.793034, -41.321823], [174.793054, -41.322278], [174.792586, -41.32229], [174.792595, -41.32266], [174.79197, -41.323443], [174.792038, -41.323665], [174.791825, -41.323958], [174.791323, -41.323919], [174.791211, -41.324743], [174.791623, -41.32494], [174.791609, -41.325188], [174.791946, -41.325582], [174.791677, -41.326211], [174.792054, -41.326217], [174.791898, -41.326909], [174.791469, -41.326865], [174.791413, -41.327237], [174.791154, -41.327196], [174.791003, -41.327486], [174.788928, -41.328624], [174.788921, -41.329581], [174.788134, -41.329586], [174.788481, -41.33161], [174.788794, -41.331931], [174.78928, -41.331936], [174.789346, -41.332116], [174.789814, -41.33467], [174.790402, -41.334669], [174.790474, -41.335032], [174.790164, -41.335033], [174.789962, -41.335399], [174.790113, -41.336121], [174.791544, -41.337465], [174.791269, -41.338032], [174.790785, -41.338113], [174.791001, -41.338213], [174.790868, -41.338567], [174.79054, -41.338772], [174.790174, -41.338439], [174.789792, -41.338828], [174.789319, -41.338868], [174.789386, -41.339319], [174.788393, -41.340053], [174.788327, -41.34044], [174.789672, -41.340435], [174.790101, -41.34082], [174.790051, -41.341182], [174.789868, -41.341184], [174.789818, -41.342631], [174.790116, -41.342634], [174.790352, -41.343533], [174.790767, -41.343758], [174.79077, -41.344666], [174.791415, -41.345483], [174.791401, -41.346923], [174.791539, -41.347044], [174.792059, -41.346494], [174.792551, -41.3452], [174.792045, -41.34306], [174.79123, -41.341927], [174.791149, -41.34132], [174.791348, -41.341035], [174.791809, -41.340959], [174.792378, -41.340992], [174.792866, -41.341298], [174.79309, -41.340844], [174.793592, -41.340654], [174.793702, -41.340426], [174.793341, -41.339443], [174.794005, -41.338754], [174.793991, -41.338394], [174.793052, -41.338007], [174.793289, -41.337776], [174.79301, -41.33789], [174.792993, -41.337152], [174.791812, -41.335936], [174.791944, -41.334436], [174.791347, -41.333142], [174.791349, -41.332749], [174.794331, -41.330438], [174.797669, -41.328864], [174.799491, -41.328434], [174.80098, -41.328338], [174.804781, -41.328928], [174.805691, -41.329338], [174.805199, -41.328698], [174.80378, -41.32833], [174.803792, -41.328146], [174.803554, -41.328101], [174.801526, -41.327734], [174.799047, -41.327871], [174.798751, -41.32804], [174.800513, -41.323756], [174.798549, -41.323297]]]]}}, {"type": "Feature", "properties": {"suburb": "Makara", "postcode": 6972}, "geometry": {"type": "MultiPolygon", "coordinates": [[[[174.744013, -41.229747], [174.730081, -41.222252], [174.727452, -41.225191], [174.721112, -41.227261], [174.720304, -41.2305], [174.71824, -41.23021], [174.717887, -41.231633], [174.714994, -41.231192], [174.714871, -41.230335], [174.715207, -41.229731], [174.708113, -41.228787], [174.708477, -41.227491], [174.694891, -41.223766], [174.694192, -41.224285], [174.69405, -41.22467], [174.693212, -41.224453], [174.693041, -41.224153], [174.692967, -41.226012], [174.691846, -41.227755], [174.691576, -41.228639], [174.690244, -41.231198], [174.68929, -41.232149], [174.688647, -41.232572], [174.687473, -41.232667], [174.68411, -41.234306], [174.681362, -41.235123], [174.679029, -41.23538], [174.676986, -41.234911], [174.675723, -41.23527], [174.675501, -41.23558], [174.675809, -41.236836], [174.675257, -41.237861], [174.674576, -41.238356], [174.67289, -41.238793], [174.67196, -41.240867], [174.671107, -41.241314], [174.669897, -41.241258], [174.668957, -41.242649], [174.667702, -41.243483], [174.666958, -41.243586], [174.666065, -41.244065], [174.665725, -41.244601], [174.665746, -41.245771], [174.665428, -41.246069], [174.663573, -41.246374], [174.661171, -41.245899], [174.659908, -41.245123], [174.659577, -41.244589], [174.65958, -41.24424], [174.660004, -41.243466], [174.659534, -41.242799], [174.660125, -41.241707], [174.659441, -41.240819], [174.658445, -41.240466], [174.658144, -41.239008], [174.657847, -41.238574], [174.657278, -41.238517], [174.656187, -41.237996], [174.655624, -41.238075], [174.655705, -41.238748], [174.655097, -41.239345], [174.655173, -41.240324], [174.654938, -41.240902], [174.654126, -41.241637], [174.653503, -41.241717], [174.653233, -41.2426], [174.652559, -41.242995], [174.652629, -41.243309], [174.651827, -41.244337], [174.650966, -41.24444], [174.648907, -41.243534], [174.648134, -41.24034], [174.646615, -41.237642], [174.645505, -41.237471], [174.644749, -41.237598], [174.643497, -41.238566], [174.642843, -41.24003], [174.642768, -41.240944], [174.642058, -41.242049], [174.638747, -41.245397], [174.637435, -41.246344], [174.634778, -41.249568], [174.630807, -41.252285], [174.629566, -41.253625], [174.628057, -41.255882], [174.625024, -41.258364], [174.622836, -41.259703], [174.622211, -41.261189], [174.622072, -41.263399], [174.6216, -41.265188], [174.620269, -41.267755], [174.620072, -41.269548], [174.619497, -41.270235], [174.618545, -41.270769], [174.616185, -41.273076], [174.615465, -41.273449], [174.615108, -41.273939], [174.615183, -41.274895], [174.61478, -41.275882], [174.61415, -41.276704], [174.61419, -41.277019], [174.614896, -41.277625], [174.615243, -41.278215], [174.614364, -41.279695], [174.614113, -41.280746], [174.613644, -41.281487], [174.613535, -41.281804], [174.613899, -41.282901], [174.613106, -41.284288], [174.613369, -41.285084], [174.613199, -41.28583], [174.613766, -41.286742], [174.613909, -41.287506], [174.614942, -41.289041], [174.614997, -41.289322], [174.614729, -41.289833], [174.614745, -41.290835], [174.61503, -41.292271], [174.617716, -41.294171], [174.617949, -41.294887], [174.617918, -41.295822], [174.618896, -41.296525], [174.619991, -41.296707], [174.620867, -41.296535], [174.623155, -41.295254], [174.625128, -41.295309], [174.626848, -41.294563], [174.627582, -41.294521], [174.62827, -41.294599], [174.629106, -41.295057], [174.6309, -41.296522], [174.631792, -41.297858], [174.631966, -41.298597], [174.63183, -41.29905], [174.630934, -41.30044], [174.62945, -41.301649], [174.629181, -41.302599], [174.628753, -41.303215], [174.630716, -41.305067], [174.630874, -41.305575], [174.631151, -41.311019], [174.631441, -41.31214], [174.631192, -41.312775], [174.63115, -41.314746], [174.631592, -41.315481], [174.633388, -41.316541], [174.633875, -41.31776], [174.634339, -41.31828], [174.636593, -41.319625], [174.638069, -41.320048], [174.638448, -41.32065], [174.638374, -41.321146], [174.639302, -41.321242], [174.639832, -41.32156], [174.640114, -41.322308], [174.640949, -41.322754], [174.641461, -41.323342], [174.642607, -41.323704], [174.643673, -41.324337], [174.645915, -41.324364], [174.648201, -41.32582], [174.648745, -41.326947], [174.648604, -41.328121], [174.648351, -41.328621], [174.648801, -41.330066], [174.649224, -41.330711], [174.649665, -41.330938], [174.653013, -41.331485], [174.654584, -41.332446], [174.654813, -41.332647], [174.654738, -41.333075], [174.655627, -41.333791], [174.656207, -41.334613], [174.656254, -41.335615], [174.655643, -41.336155], [174.65583, -41.337289], [174.656375, -41.337526], [174.657487, -41.33727], [174.658154, -41.337573], [174.659066, -41.338481], [174.659533, -41.340047], [174.658999, -41.342005], [174.659153, -41.342137], [174.659707, -41.341721], [174.660786, -41.34133], [174.661347, -41.340678], [174.663612, -41.34004], [174.665378, -41.340142], [174.668019, -41.340961], [174.669413, -41.341104], [174.671989, -41.340381], [174.674408, -41.340359], [174.676582, -41.341028], [174.678153, -41.342497], [174.681215, -41.343836], [174.682402, -41.345413], [174.682521, -41.345884], [174.682339, -41.346709], [174.682911, -41.346811], [174.68352, -41.347205], [174.686707, -41.347314], [174.689357, -41.346396], [174.690886, -41.34628], [174.693715, -41.346643], [174.694179, -41.344759], [174.6964, -41.34222], [174.694451, -41.341883], [174.69328, -41.341257], [174.692521, -41.339953], [174.703671, -41.327253], [174.70574, -41.326045], [174.705405, -41.324936], [174.705938, -41.323827], [174.70601, -41.322726], [174.705513, -41.321745], [174.706565, -41.319183], [174.706797, -41.317753], [174.693789, -41.314863], [174.694784, -41.312128], [174.694188, -41.31135], [174.695267, -41.310475], [174.698388, -41.302219], [174.698969, -41.302097], [174.700968, -41.300383], [174.707767, -41.29834], [174.707587, -41.298034], [174.710648, -41.297196], [174.710496, -41.296871], [174.711203, -41.296661], [174.710997, -41.29597], [174.71428, -41.294993], [174.713615, -41.293585], [174.714855, -41.293211], [174.713971, -41.291523], [174.713455, -41.291711], [174.710303, -41.285587], [174.712261, -41.285011], [174.712994, -41.286428], [174.715819, -41.285617], [174.715376, -41.284749], [174.716761, -41.284344], [174.71578, -41.282505], [174.71666, -41.282448], [174.716981, -41.282707], [174.71722, -41.282552], [174.717599, -41.282244], [174.717635, -41.281983], [174.719765, -41.280751], [174.719386, -41.280011], [174.725138, -41.278396], [174.726802, -41.276016], [174.727044, -41.276052], [174.73188, -41.269029], [174.733405, -41.268599], [174.737883, -41.266507], [174.745727, -41.260708], [174.746953, -41.259873], [174.747253, -41.259887], [174.755221, -41.254024], [174.752979, -41.251418], [174.753061, -41.250217], [174.753859, -41.249777], [174.750799, -41.247455], [174.749325, -41.24857], [174.745486, -41.248937], [174.739049, -41.245325], [174.74126, -41.242598], [174.735449, -41.239509], [174.744013, -41.229747]]]]}}, {"type": "Feature", "properties": {"suburb": "Makara Beach", "postcode": 6972}, "geometry": {"type": "MultiPolygon", "coordinates": [[[[174.693212, -41.224453], [174.69405, -41.22467], [174.694192, -41.224285], [174.694891, -41.223766], [174.708477, -41.227491], [174.708113, -41.228787], [174.715207, -41.229731], [174.714871, -41.230335], [174.714994, -41.231192], [174.717887, -41.231633], [174.71824, -41.23021], [174.720304, -41.2305], [174.721112, -41.227261], [174.727452, -41.225191], [174.730081, -41.222252], [174.719745, -41.216758], [174.725219, -41.210655], [174.719677, -41.207518], [174.718921, -41.209457], [174.717791, -41.211348], [174.717783, -41.211539], [174.718274, -41.211981], [174.71823, -41.212454], [174.717566, -41.213097], [174.716454, -41.21287], [174.71518, -41.213998], [174.71516, -41.214314], [174.715502, -41.214746], [174.714241, -41.218531], [174.714275, -41.219127], [174.713897, -41.219382], [174.711568, -41.219798], [174.710472, -41.219559], [174.710076, -41.219274], [174.709661, -41.218448], [174.706431, -41.218548], [174.704672, -41.217325], [174.704858, -41.215723], [174.704369, -41.215349], [174.703746, -41.215451], [174.703336, -41.215662], [174.702972, -41.216378], [174.702278, -41.217044], [174.700328, -41.218556], [174.699364, -41.218698], [174.697527, -41.219508], [174.693857, -41.220388], [174.692506, -41.221021], [174.693212, -41.224453]]]]}}, {"type": "Feature", "properties": {"suburb": "Maupuia", "postcode": 6022}, "geometry": {"type": "MultiPolygon", "coordinates": [[[[174.822127, -41.295574], [174.822265, -41.296117], [174.821807, -41.296593], [174.821061, -41.297036], [174.820082, -41.297213], [174.820294, -41.298199], [174.820078, -41.298406], [174.819164, -41.298728], [174.817421, -41.298842], [174.816912, -41.29964], [174.81715, -41.300491], [174.817922, -41.301264], [174.818027, -41.301667], [174.817209, -41.303057], [174.815896, -41.303545], [174.815453, -41.304105], [174.815167, -41.305327], [174.814504, -41.306038], [174.813476, -41.308681], [174.812522, -41.310428], [174.812082, -41.310635], [174.812116, -41.310134], [174.811888, -41.31013], [174.811752, -41.312177], [174.812187, -41.312429], [174.813001, -41.312534], [174.813785, -41.312298], [174.814454, -41.31234], [174.814853, -41.311053], [174.815268, -41.310724], [174.815346, -41.310927], [174.815595, -41.310803], [174.815971, -41.310052], [174.815729, -41.309853], [174.816509, -41.309479], [174.816631, -41.30962], [174.816688, -41.309036], [174.817677, -41.308797], [174.817939, -41.309161], [174.818645, -41.308872], [174.818852, -41.308485], [174.818765, -41.307425], [174.818965, -41.306415], [174.819545, -41.305697], [174.820487, -41.305274], [174.820696, -41.305393], [174.820793, -41.305276], [174.820597, -41.305165], [174.822422, -41.303035], [174.823462, -41.30247], [174.823757, -41.301973], [174.824467, -41.301801], [174.82448, -41.302057], [174.825319, -41.302313], [174.825593, -41.302219], [174.826284, -41.301252], [174.826194, -41.30052], [174.827582, -41.300817], [174.827882, -41.300528], [174.8286, -41.300314], [174.828844, -41.30002], [174.828329, -41.297749], [174.828788, -41.297547], [174.829072, -41.296998], [174.829936, -41.297202], [174.8306, -41.296174], [174.830599, -41.295299], [174.831162, -41.294824], [174.833479, -41.295985], [174.835007, -41.296514], [174.835631, -41.296946], [174.835949, -41.296718], [174.836081, -41.296198], [174.836812, -41.295755], [174.835817, -41.293759], [174.834332, -41.293124], [174.833204, -41.292899], [174.832815, -41.292434], [174.833039, -41.292024], [174.832934, -41.290687], [174.833114, -41.289895], [174.834006, -41.289382], [174.834188, -41.289007], [174.833731, -41.288768], [174.832406, -41.288851], [174.829778, -41.288396], [174.827521, -41.286166], [174.826937, -41.284849], [174.826098, -41.283875], [174.825597, -41.284042], [174.825085, -41.284773], [174.824814, -41.286445], [174.823748, -41.287547], [174.823519, -41.288283], [174.822485, -41.289869], [174.822017, -41.291027], [174.821028, -41.291766], [174.821673, -41.292272], [174.821914, -41.293236], [174.821481, -41.29365], [174.820404, -41.294033], [174.820759, -41.295225], [174.820926, -41.295196], [174.820622, -41.294156], [174.82101, -41.294014], [174.821468, -41.295376], [174.821516, -41.294904], [174.821862, -41.294921], [174.821834, -41.295215], [174.822127, -41.295574]]]]}}, {"type": "Feature", "properties": {"suburb": "Melrose", "postcode": 6023}, "geometry": {"type": "MultiPolygon", "coordinates": [[[[174.789352, -41.321668], [174.789539, -41.320783], [174.789225, -41.320647], [174.788942, -41.319365], [174.788579, -41.319298], [174.786449, -41.322254], [174.786439, -41.323539], [174.785743, -41.323678], [174.784539, -41.323438], [174.784038, -41.324252], [174.783328, -41.324563], [174.785008, -41.325938], [174.785634, -41.326993], [174.785248, -41.328385], [174.786369, -41.329209], [174.786367, -41.329611], [174.785697, -41.329825], [174.785709, -41.330089], [174.78535, -41.330084], [174.785346, -41.33049], [174.785999, -41.330562], [174.785906, -41.330708], [174.78671, -41.331293], [174.786549, -41.331418], [174.787188, -41.332041], [174.78771, -41.332044], [174.787895, -41.331788], [174.788655, -41.33168], [174.788481, -41.33161], [174.788134, -41.329586], [174.788921, -41.329581], [174.788928, -41.328624], [174.791003, -41.327486], [174.791154, -41.327196], [174.791413, -41.327237], [174.791469, -41.326865], [174.791898, -41.326909], [174.792054, -41.326217], [174.791677, -41.326211], [174.791946, -41.325582], [174.791609, -41.325188], [174.791623, -41.32494], [174.791211, -41.324743], [174.791323, -41.323919], [174.791825, -41.323958], [174.792038, -41.323665], [174.79197, -41.323443], [174.792595, -41.32266], [174.792586, -41.32229], [174.793054, -41.322278], [174.793034, -41.321823], [174.792105, -41.321842], [174.792093, -41.321571], [174.791788, -41.321384], [174.790555, -41.32162], [174.790312, -41.321182], [174.789352, -41.321668]]]]}}, {"type": "Feature", "properties": {"suburb": "Miramar", "postcode": 6022}, "geometry": {"type": "MultiPolygon", "coordinates": [[[[174.829117, -41.30064], [174.829211, -41.300341], [174.828844, -41.30002], [174.827582, -41.300817], [174.826194, -41.30052], [174.826284, -41.301252], [174.825593, -41.302219], [174.825319, -41.302313], [174.82448, -41.302057], [174.824467, -41.301801], [174.823757, -41.301973], [174.823462, -41.30247], [174.822422, -41.303035], [174.820597, -41.305165], [174.820793, -41.305276], [174.820696, -41.305393], [174.820487, -41.305274], [174.819297, -41.305906], [174.818965, -41.306415], [174.818765, -41.307425], [174.818852, -41.308485], [174.818645, -41.308872], [174.817939, -41.309161], [174.817677, -41.308797], [174.816688, -41.309036], [174.816631, -41.30962], [174.816509, -41.309479], [174.815729, -41.309853], [174.815971, -41.310052], [174.815595, -41.310803], [174.815346, -41.310927], [174.815268, -41.310724], [174.814853, -41.311053], [174.814454, -41.31234], [174.813785, -41.312298], [174.813001, -41.312534], [174.812187, -41.312429], [174.811752, -41.312177], [174.811734, -41.312456], [174.811914, -41.312453], [174.811407, -41.313441], [174.811427, -41.314384], [174.810963, -41.314406], [174.810963, -41.313026], [174.810698, -41.31303], [174.810672, -41.314525], [174.809963, -41.315506], [174.809469, -41.315873], [174.808774, -41.325494], [174.809049, -41.325532], [174.80904, -41.325757], [174.809518, -41.325879], [174.818007, -41.325588], [174.818008, -41.325139], [174.823023, -41.323987], [174.826985, -41.324533], [174.827943, -41.323783], [174.827486, -41.323724], [174.827319, -41.323273], [174.825896, -41.323073], [174.825758, -41.32206], [174.82546, -41.321396], [174.825799, -41.321005], [174.824692, -41.320738], [174.824773, -41.320417], [174.82447, -41.320375], [174.824547, -41.320057], [174.823345, -41.319985], [174.824127, -41.31838], [174.824463, -41.318292], [174.824293, -41.317775], [174.82407, -41.317901], [174.823897, -41.317705], [174.824245, -41.317629], [174.824947, -41.316014], [174.825602, -41.31618], [174.825677, -41.315823], [174.824738, -41.315348], [174.824635, -41.314957], [174.825402, -41.314701], [174.825599, -41.314199], [174.825857, -41.314165], [174.825874, -41.313594], [174.82568, -41.31362], [174.825808, -41.312729], [174.82657, -41.312808], [174.82739, -41.31212], [174.827406, -41.311381], [174.828198, -41.310594], [174.828826, -41.309587], [174.828449, -41.309172], [174.829137, -41.308059], [174.828827, -41.307583], [174.829402, -41.306154], [174.828672, -41.304885], [174.829081, -41.304383], [174.82895, -41.303915], [174.829378, -41.303565], [174.829561, -41.30258], [174.829155, -41.301966], [174.829356, -41.301049], [174.829117, -41.30064]]]]}}, {"type": "Feature", "properties": {"suburb": "Moa Point", "postcode": 6022}, "geometry": {"type": "MultiPolygon", "coordinates": [[[[174.81722, -41.343723], [174.816974, -41.342848], [174.816468, -41.342591], [174.816513, -41.342134], [174.81625, -41.341686], [174.815046, -41.341322], [174.812759, -41.341778], [174.812339, -41.341426], [174.812192, -41.340847], [174.811826, -41.340692], [174.811988, -41.340021], [174.811845, -41.339591], [174.812676, -41.339014], [174.812877, -41.338651], [174.812946, -41.337161], [174.812545, -41.337001], [174.81327, -41.335653], [174.811175, -41.335203], [174.810918, -41.334618], [174.811067, -41.334513], [174.810472, -41.334681], [174.809948, -41.335372], [174.810585, -41.335383], [174.810815, -41.335611], [174.810711, -41.336012], [174.809136, -41.336994], [174.80998, -41.337597], [174.810773, -41.338933], [174.810522, -41.339444], [174.810575, -41.340119], [174.809595, -41.341174], [174.809285, -41.342576], [174.808986, -41.342582], [174.808874, -41.342787], [174.809009, -41.345847], [174.809491, -41.34595], [174.810068, -41.345353], [174.810878, -41.345428], [174.811052, -41.345289], [174.811021, -41.344389], [174.809853, -41.343026], [174.809812, -41.342273], [174.810484, -41.34181], [174.811438, -41.341769], [174.811716, -41.342034], [174.811729, -41.342416], [174.812567, -41.342467], [174.813304, -41.342993], [174.814898, -41.342487], [174.816062, -41.343715], [174.816666, -41.343895], [174.81722, -41.343723]]]]}}, {"type": "Feature", "properties": {"suburb": "Mornington", "postcode": 6021}, "geometry": {"type": "MultiPolygon", "coordinates": [[[[174.765183, -41.315942], [174.763942, -41.315527], [174.763786, -41.316127], [174.763003, -41.316103], [174.762923, -41.316528], [174.763832, -41.317248], [174.76263, -41.317922], [174.761443, -41.317884], [174.761209, -41.31882], [174.761605, -41.319072], [174.761196, -41.320029], [174.762339, -41.319856], [174.763092, -41.319431], [174.763218, -41.319814], [174.763577, -41.319767], [174.763777, -41.320252], [174.763575, -41.320607], [174.764808, -41.320954], [174.765184, -41.320782], [174.765108, -41.321244], [174.765329, -41.321576], [174.765781, -41.321613], [174.765771, -41.32136], [174.766353, -41.321347], [174.766369, -41.321758], [174.767634, -41.321747], [174.767577, -41.321497], [174.767721, -41.321478], [174.767785, -41.321755], [174.769067, -41.32182], [174.769453, -41.316312], [174.768399, -41.316278], [174.768272, -41.316051], [174.768104, -41.316268], [174.765145, -41.31617], [174.765183, -41.315942]]]]}}, {"type": "Feature", "properties": {"suburb": "Mount Cook", "postcode": 6021}, "geometry": {"type": "MultiPolygon", "coordinates": [[[[174.77449, -41.298099], [174.770422, -41.29679], [174.770161, -41.297244], [174.76951, -41.297347], [174.768788, -41.297969], [174.768462, -41.300019], [174.769284, -41.30083], [174.769707, -41.302242], [174.769239, -41.303183], [174.769469, -41.303245], [174.769189, -41.304213], [174.769317, -41.30458], [174.768051, -41.305314], [174.767711, -41.30524], [174.76765, -41.30578], [174.769993, -41.305869], [174.769685, -41.30993], [174.77013, -41.310335], [174.771993, -41.310394], [174.772299, -41.310157], [174.772305, -41.309676], [174.773519, -41.308486], [174.773462, -41.307738], [174.77391, -41.307354], [174.775458, -41.307512], [174.776858, -41.307076], [174.777915, -41.307266], [174.77827, -41.306149], [174.779263, -41.306321], [174.780726, -41.301521], [174.781097, -41.301552], [174.782, -41.299955], [174.775829, -41.297935], [174.775547, -41.298438], [174.77449, -41.298099]]]]}}, {"type": "Feature", "properties": {"suburb": "Mount Victoria", "postcode": 6011}, "geometry": {"type": "MultiPolygon", "coordinates": [[[[174.791258, -41.291748], [174.791648, -41.291546], [174.79151, -41.291033], [174.789656, -41.291815], [174.789337, -41.291729], [174.788975, -41.291958], [174.788203, -41.291866], [174.787277, -41.292167], [174.786883, -41.292119], [174.786011, -41.29256], [174.785402, -41.293264], [174.785277, -41.293186], [174.785, -41.293669], [174.784469, -41.293498], [174.784526, -41.293232], [174.784238, -41.293067], [174.780606, -41.299514], [174.782, -41.299955], [174.781097, -41.301552], [174.781009, -41.302401], [174.780855, -41.302352], [174.780591, -41.302959], [174.780749, -41.30431], [174.781483, -41.304384], [174.788522, -41.306525], [174.78846, -41.306237], [174.787899, -41.305678], [174.789108, -41.303324], [174.788929, -41.302833], [174.789624, -41.302416], [174.789974, -41.3011], [174.790652, -41.300582], [174.791246, -41.299676], [174.79236, -41.298852], [174.793192, -41.297686], [174.794307, -41.296934], [174.794665, -41.297024], [174.795828, -41.294833], [174.794811, -41.294418], [174.794389, -41.293785], [174.793459, -41.294402], [174.792837, -41.294122], [174.792574, -41.293611], [174.791987, -41.293488], [174.792023, -41.293333], [174.791397, -41.293069], [174.791597, -41.29281], [174.791889, -41.292831], [174.791775, -41.292511], [174.791574, -41.292636], [174.791602, -41.292179], [174.791229, -41.292253], [174.7911, -41.291912], [174.791258, -41.291748]]]]}}, {"type": "Feature", "properties": {"suburb": "Newlands", "postcode": 6037}, "geometry": {"type": "MultiPolygon", "coordinates": [[[[174.810835, -41.239927], [174.810335, -41.240139], [174.811154, -41.241165], [174.810739, -41.241529], [174.81205, -41.241627], [174.811977, -41.241215], [174.81226, -41.240198], [174.812839, -41.239567], [174.813501, -41.238102], [174.813772, -41.237898], [174.813797, -41.237067], [174.814246, -41.236409], [174.817165, -41.236658], [174.819075, -41.23541], [174.819058, -41.234707], [174.820633, -41.234476], [174.821192, -41.234537], [174.826575, -41.239545], [174.828979, -41.237828], [174.832901, -41.235462], [174.832915, -41.235113], [174.831635, -41.233922], [174.832576, -41.233361], [174.833745, -41.234447], [174.83439, -41.23396], [174.834754, -41.2343], [174.835021, -41.233747], [174.834869, -41.233638], [174.836437, -41.232144], [174.837672, -41.231743], [174.837742, -41.231296], [174.839985, -41.230794], [174.840963, -41.229737], [174.837499, -41.225216], [174.843106, -41.224854], [174.843944, -41.219064], [174.842259, -41.216887], [174.834499, -41.221312], [174.833832, -41.221175], [174.833778, -41.220943], [174.833367, -41.220756], [174.832005, -41.220724], [174.83189, -41.221148], [174.831013, -41.221029], [174.830857, -41.220558], [174.831071, -41.219567], [174.830149, -41.219459], [174.830106, -41.219632], [174.825388, -41.219052], [174.824628, -41.222183], [174.817543, -41.221202], [174.816391, -41.220518], [174.816422, -41.220221], [174.816116, -41.22033], [174.816103, -41.220156], [174.815075, -41.220016], [174.814804, -41.220799], [174.815055, -41.220857], [174.814864, -41.221122], [174.814991, -41.221264], [174.814495, -41.221717], [174.813997, -41.22179], [174.813785, -41.222972], [174.813874, -41.223655], [174.813479, -41.223887], [174.813153, -41.224421], [174.812679, -41.227285], [174.813277, -41.227321], [174.812916, -41.228581], [174.81175, -41.230159], [174.811511, -41.2296], [174.811254, -41.229574], [174.810289, -41.230076], [174.810202, -41.229905], [174.809779, -41.230118], [174.809967, -41.231082], [174.809634, -41.231601], [174.807693, -41.233316], [174.808162, -41.233724], [174.808271, -41.234096], [174.807931, -41.234413], [174.807434, -41.234392], [174.806764, -41.235325], [174.806723, -41.235922], [174.806397, -41.236188], [174.807327, -41.236836], [174.807196, -41.237296], [174.810835, -41.239927]]]]}}, {"type": "Feature", "properties": {"suburb": "Newtown", "postcode": 6021}, "geometry": {"type": "MultiPolygon", "coordinates": [[[[174.781181, -41.301841], [174.781097, -41.301552], [174.780726, -41.301521], [174.779263, -41.306321], [174.77827, -41.306149], [174.777915, -41.307266], [174.776858, -41.307076], [174.775458, -41.307512], [174.77391, -41.307354], [174.773555, -41.307593], [174.773583, -41.30838], [174.772305, -41.309676], [174.772299, -41.310157], [174.771993, -41.310394], [174.771759, -41.315762], [174.772953, -41.315424], [174.774365, -41.315354], [174.77542, -41.315536], [174.77538, -41.31633], [174.77556, -41.316334], [174.775577, -41.316093], [174.776776, -41.316181], [174.776764, -41.316367], [174.778148, -41.316403], [174.778039, -41.318392], [174.78062, -41.318465], [174.780554, -41.319781], [174.781075, -41.319694], [174.781167, -41.321159], [174.781991, -41.322176], [174.78186, -41.323361], [174.782507, -41.323845], [174.782413, -41.324323], [174.783328, -41.324563], [174.784038, -41.324252], [174.784539, -41.323438], [174.785743, -41.323678], [174.786439, -41.323539], [174.786449, -41.322254], [174.790915, -41.316034], [174.79033, -41.315854], [174.790309, -41.315241], [174.790476, -41.315032], [174.789749, -41.315065], [174.789951, -41.314608], [174.79024, -41.314611], [174.790227, -41.314016], [174.789607, -41.313753], [174.789337, -41.313124], [174.788172, -41.312669], [174.789034, -41.312256], [174.78828, -41.311015], [174.788297, -41.310437], [174.787775, -41.309849], [174.788197, -41.309158], [174.787846, -41.308208], [174.787933, -41.307151], [174.788655, -41.306552], [174.781483, -41.304384], [174.780749, -41.30431], [174.780591, -41.302959], [174.781181, -41.301841]]]]}}, {"type": "Feature", "properties": {"suburb": "Ngaio", "postcode": 6035}, "geometry": {"type": "MultiPolygon", "coordinates": [[[[174.777398, -41.239576], [174.773722, -41.237093], [174.770607, -41.239716], [174.770057, -41.239302], [174.768466, -41.240622], [174.768273, -41.239964], [174.764285, -41.239898], [174.761757, -41.241905], [174.761584, -41.242236], [174.762361, -41.242604], [174.762286, -41.24291], [174.76245, -41.243134], [174.762953, -41.243246], [174.762886, -41.244472], [174.763572, -41.244314], [174.758711, -41.247981], [174.758208, -41.24817], [174.760095, -41.252128], [174.759587, -41.252507], [174.761389, -41.252941], [174.761613, -41.252624], [174.762479, -41.252893], [174.762206, -41.253371], [174.762863, -41.253799], [174.765814, -41.252503], [174.76601, -41.25185], [174.767584, -41.251473], [174.767829, -41.252254], [174.76834, -41.251919], [174.768786, -41.252432], [174.769318, -41.252279], [174.769468, -41.253586], [174.767177, -41.254461], [174.767367, -41.254582], [174.766812, -41.255369], [174.766727, -41.255907], [174.767234, -41.256208], [174.767101, -41.256893], [174.767974, -41.257099], [174.767482, -41.257447], [174.767942, -41.257598], [174.767779, -41.257815], [174.768007, -41.258258], [174.768668, -41.258095], [174.769132, -41.258345], [174.768167, -41.258953], [174.768509, -41.259339], [174.769925, -41.26007], [174.770083, -41.260435], [174.771153, -41.260122], [174.771501, -41.26025], [174.771673, -41.259851], [174.771268, -41.259638], [174.771086, -41.25914], [174.772995, -41.25777], [174.774495, -41.258489], [174.775268, -41.258483], [174.775831, -41.258192], [174.775862, -41.258053], [174.775522, -41.257894], [174.7756, -41.257564], [174.776128, -41.257233], [174.776333, -41.256852], [174.777539, -41.256669], [174.778788, -41.257144], [174.778715, -41.25772], [174.781484, -41.25863], [174.782, -41.258456], [174.782791, -41.25777], [174.782279, -41.257287], [174.783443, -41.256579], [174.783249, -41.254697], [174.782708, -41.253322], [174.782966, -41.253267], [174.782329, -41.252338], [174.783706, -41.251643], [174.783322, -41.25071], [174.783541, -41.250533], [174.782663, -41.249779], [174.782712, -41.249471], [174.783361, -41.248814], [174.781772, -41.247925], [174.781847, -41.246139], [174.780551, -41.246434], [174.780288, -41.246126], [174.780613, -41.245601], [174.780673, -41.245194], [174.780525, -41.245124], [174.780733, -41.244553], [174.779776, -41.243859], [174.77842, -41.243591], [174.777698, -41.244174], [174.77693, -41.244101], [174.777186, -41.243898], [174.777032, -41.243329], [174.775945, -41.242683], [174.775571, -41.242784], [174.775191, -41.242375], [174.775532, -41.242194], [174.775381, -41.242031], [174.776091, -41.241767], [174.777398, -41.239576]]]]}}, {"type": "Feature", "properties": {"suburb": "Ngauranga", "postcode": 6035}, "geometry": {"type": "MultiPolygon", "coordinates": [[[[174.807325, -41.236835], [174.806397, -41.236188], [174.806723, -41.235922], [174.806764, -41.235325], [174.807434, -41.234392], [174.807931, -41.234413], [174.808271, -41.234096], [174.808162, -41.233724], [174.807693, -41.233316], [174.808347, -41.232741], [174.807024, -41.232059], [174.806788, -41.232319], [174.805998, -41.232474], [174.80572, -41.234256], [174.805133, -41.234327], [174.805165, -41.234682], [174.804644, -41.234968], [174.801647, -41.232884], [174.800432, -41.233665], [174.800664, -41.234839], [174.800148, -41.23603], [174.802603, -41.237746], [174.801935, -41.238028], [174.801882, -41.23853], [174.801346, -41.238962], [174.80124, -41.238851], [174.799739, -41.239755], [174.79913, -41.23933], [174.798428, -41.239904], [174.798859, -41.240557], [174.798706, -41.2407], [174.798997, -41.24076], [174.798851, -41.240936], [174.799031, -41.240864], [174.799336, -41.241337], [174.799741, -41.241513], [174.801067, -41.241144], [174.801448, -41.241635], [174.802087, -41.241897], [174.802476, -41.241663], [174.803568, -41.242425], [174.804223, -41.24203], [174.806472, -41.244163], [174.806051, -41.244625], [174.806714, -41.244938], [174.807134, -41.244769], [174.809195, -41.246518], [174.809642, -41.246374], [174.810664, -41.246531], [174.810347, -41.247242], [174.811461, -41.247455], [174.809889, -41.24826], [174.809767, -41.248961], [174.807468, -41.250427], [174.808499, -41.25146], [174.812241, -41.249658], [174.814279, -41.248457], [174.815747, -41.247474], [174.81991, -41.244099], [174.823099, -41.242481], [174.823398, -41.242098], [174.833516, -41.236015], [174.832901, -41.235462], [174.828979, -41.237828], [174.826575, -41.239545], [174.821192, -41.234537], [174.819058, -41.234707], [174.819075, -41.23541], [174.817165, -41.236658], [174.814246, -41.236409], [174.813797, -41.237067], [174.813772, -41.237898], [174.813501, -41.238102], [174.812839, -41.239567], [174.81226, -41.240198], [174.811977, -41.241215], [174.81205, -41.241627], [174.811901, -41.241647], [174.810739, -41.241529], [174.811154, -41.241165], [174.810335, -41.240139], [174.810835, -41.239927], [174.807196, -41.237296], [174.807325, -41.236835]]]]}}, {"type": "Feature", "properties": {"suburb": "Northland", "postcode": 6012}, "geometry": {"type": "MultiPolygon", "coordinates": [[[[174.766056, -41.27039], [174.76452, -41.271647], [174.76294, -41.271471], [174.762652, -41.271994], [174.760694, -41.271624], [174.758315, -41.272595], [174.758137, -41.273011], [174.758414, -41.27308], [174.758338, -41.273624], [174.759091, -41.274523], [174.759076, -41.275143], [174.757486, -41.275155], [174.756683, -41.2744], [174.755847, -41.274478], [174.756286, -41.275841], [174.755555, -41.277325], [174.755642, -41.278531], [174.755164, -41.279409], [174.754125, -41.280091], [174.75406, -41.281032], [174.753653, -41.281806], [174.753383, -41.283004], [174.753668, -41.283426], [174.753573, -41.284671], [174.754125, -41.284832], [174.75449, -41.285211], [174.754641, -41.286524], [174.755032, -41.287071], [174.756144, -41.287542], [174.756505, -41.287518], [174.757144, -41.286929], [174.757454, -41.287166], [174.758313, -41.287026], [174.758184, -41.28594], [174.761563, -41.283936], [174.762769, -41.283102], [174.763497, -41.282282], [174.766732, -41.280774], [174.765701, -41.28024], [174.765925, -41.280005], [174.764765, -41.279358], [174.765361, -41.278691], [174.766476, -41.279202], [174.76828, -41.2719], [174.766056, -41.27039]]]]}}, {"type": "Feature", "properties": {"suburb": "Ohariu", "postcode": 6037}, "geometry": {"type": "MultiPolygon", "coordinates": [[[[174.796918, -41.146164], [174.790226, -41.14354], [174.787299, -41.147776], [174.777934, -41.143861], [174.777128, -41.144365], [174.776349, -41.145551], [174.772913, -41.149682], [174.772073, -41.151275], [174.769289, -41.152635], [174.768514, -41.152627], [174.768252, -41.152791], [174.768017, -41.154202], [174.767426, -41.155689], [174.76642, -41.156823], [174.764993, -41.157785], [174.76412, -41.159255], [174.763227, -41.160184], [174.762002, -41.163169], [174.761594, -41.164787], [174.760014, -41.166551], [174.758774, -41.167341], [174.757754, -41.167732], [174.755876, -41.167993], [174.754994, -41.168337], [174.751676, -41.170827], [174.750785, -41.171232], [174.74732, -41.171479], [174.745489, -41.171074], [174.74398, -41.17098], [174.743197, -41.171602], [174.741083, -41.171688], [174.740827, -41.172053], [174.740408, -41.171994], [174.740234, -41.172143], [174.739558, -41.173294], [174.738886, -41.173689], [174.738867, -41.174027], [174.739329, -41.174469], [174.739402, -41.174872], [174.739889, -41.175178], [174.740218, -41.175679], [174.740287, -41.176376], [174.739208, -41.180686], [174.737623, -41.182304], [174.735518, -41.184], [174.731134, -41.185727], [174.730089, -41.187019], [174.72952, -41.18739], [174.728654, -41.190041], [174.728337, -41.192187], [174.727861, -41.193536], [174.724334, -41.196879], [174.722936, -41.198786], [174.72175, -41.20213], [174.721359, -41.204288], [174.721438, -41.20485], [174.721112, -41.205824], [174.719677, -41.207518], [174.725219, -41.210655], [174.719745, -41.216758], [174.744013, -41.229747], [174.735449, -41.239509], [174.74126, -41.242598], [174.739049, -41.245325], [174.745486, -41.248937], [174.749325, -41.24857], [174.750799, -41.247455], [174.753859, -41.249777], [174.756292, -41.24863], [174.757067, -41.248598], [174.758711, -41.247981], [174.763572, -41.244314], [174.762886, -41.244472], [174.762953, -41.243246], [174.76245, -41.243134], [174.762286, -41.24291], [174.762361, -41.242604], [174.761584, -41.242236], [174.761757, -41.241905], [174.764285, -41.239898], [174.768273, -41.239964], [174.768466, -41.240622], [174.770057, -41.239302], [174.770607, -41.239716], [174.773722, -41.237093], [174.777398, -41.239576], [174.780624, -41.236853], [174.780838, -41.236314], [174.780954, -41.23522], [174.779976, -41.234281], [174.779652, -41.233474], [174.781251, -41.233322], [174.782198, -41.231846], [174.784639, -41.232485], [174.786439, -41.232271], [174.785963, -41.228575], [174.786384, -41.227669], [174.786249, -41.225053], [174.788951, -41.224445], [174.789208, -41.222476], [174.787235, -41.221046], [174.790425, -41.217887], [174.790162, -41.216321], [174.791085, -41.216282], [174.792213, -41.21517], [174.793038, -41.215267], [174.794593, -41.214088], [174.794981, -41.213502], [174.795814, -41.213758], [174.795918, -41.21344], [174.796408, -41.213141], [174.796213, -41.212542], [174.795713, -41.212364], [174.795975, -41.211703], [174.798739, -41.209305], [174.799428, -41.205459], [174.80017, -41.204622], [174.796037, -41.202756], [174.80013, -41.197932], [174.802014, -41.185556], [174.804129, -41.182406], [174.805221, -41.182305], [174.809395, -41.177924], [174.806038, -41.176067], [174.8064, -41.175711], [174.805956, -41.174962], [174.806165, -41.173771], [174.80657, -41.173186], [174.806405, -41.172948], [174.806623, -41.172369], [174.806438, -41.170972], [174.806926, -41.170483], [174.806764, -41.169702], [174.807586, -41.168019], [174.808997, -41.16786], [174.812003, -41.168243], [174.812139, -41.167892], [174.811669, -41.167599], [174.811484, -41.167125], [174.811856, -41.166178], [174.811969, -41.164333], [174.810328, -41.164543], [174.810353, -41.163564], [174.809989, -41.163578], [174.810024, -41.162673], [174.81049, -41.162391], [174.810222, -41.161446], [174.810662, -41.160874], [174.810842, -41.159232], [174.812519, -41.158268], [174.808926, -41.15705], [174.806479, -41.156525], [174.80528, -41.156619], [174.804177, -41.156243], [174.803806, -41.155574], [174.803463, -41.155558], [174.803922, -41.154697], [174.80325, -41.154222], [174.80343, -41.153541], [174.804008, -41.153257], [174.804389, -41.151967], [174.806013, -41.151222], [174.806094, -41.149809], [174.796918, -41.146164]]]]}}, {"type": "Feature", "properties": {"suburb": "Oriental Bay", "postcode": 6011}, "geometry": {"type": "MultiPolygon", "coordinates": [[[[174.800744, -41.287349], [174.797325, -41.289101], [174.796298, -41.290711], [174.795078, -41.290994], [174.794797, -41.290861], [174.794563, -41.2911], [174.792968, -41.291172], [174.791229, -41.290495], [174.790414, -41.290766], [174.789761, -41.289754], [174.788687, -41.290048], [174.789027, -41.290416], [174.788061, -41.289974], [174.787641, -41.290036], [174.787814, -41.290352], [174.786429, -41.290641], [174.786154, -41.29136], [174.78643, -41.291722], [174.784526, -41.293232], [174.784469, -41.293498], [174.785, -41.293669], [174.785277, -41.293186], [174.785402, -41.293264], [174.786011, -41.29256], [174.786883, -41.292119], [174.787277, -41.292167], [174.788203, -41.291866], [174.788975, -41.291958], [174.789337, -41.291729], [174.789656, -41.291815], [174.79151, -41.291033], [174.791648, -41.291546], [174.791226, -41.291631], [174.791292, -41.291873], [174.7911, -41.291912], [174.791229, -41.292253], [174.791602, -41.292179], [174.791574, -41.292636], [174.791775, -41.292511], [174.791889, -41.292831], [174.791597, -41.29281], [174.791397, -41.293069], [174.792023, -41.293333], [174.791987, -41.293488], [174.792574, -41.293611], [174.792837, -41.294122], [174.793459, -41.294402], [174.794389, -41.293785], [174.794811, -41.294418], [174.795834, -41.294835], [174.796338, -41.293937], [174.798542, -41.29216], [174.800026, -41.288646], [174.800584, -41.288747], [174.800764, -41.28832], [174.800246, -41.288125], [174.800463, -41.28771], [174.80085, -41.287583], [174.800744, -41.287349]]]]}}, {"type": "Feature", "properties": {"suburb": "Owhiro Bay", "postcode": 6023}, "geometry": {"type": "MultiPolygon", "coordinates": [[[[174.75987, -41.323708], [174.758869, -41.323625], [174.758807, -41.323989], [174.752617, -41.323117], [174.75272, -41.322707], [174.748733, -41.314691], [174.747181, -41.309939], [174.747174, -41.311503], [174.746745, -41.31201], [174.74618, -41.312185], [174.7446, -41.312185], [174.741872, -41.311821], [174.741296, -41.311568], [174.740333, -41.312202], [174.740066, -41.31285], [174.74025, -41.3138], [174.739236, -41.314912], [174.737843, -41.316005], [174.736057, -41.316628], [174.735635, -41.317397], [174.734913, -41.317575], [174.734903, -41.318409], [174.733633, -41.319372], [174.733302, -41.321188], [174.733618, -41.32359], [174.732946, -41.324458], [174.733532, -41.326308], [174.733171, -41.326981], [174.732262, -41.327281], [174.731335, -41.328081], [174.731137, -41.32899], [174.729049, -41.330117], [174.727845, -41.33004], [174.727142, -41.329741], [174.726281, -41.330659], [174.726124, -41.331901], [174.725634, -41.332242], [174.725184, -41.333178], [174.724562, -41.333569], [174.724061, -41.333743], [174.723298, -41.333612], [174.722593, -41.333241], [174.720631, -41.334343], [174.719882, -41.333602], [174.711215, -41.341117], [174.71392, -41.358519], [174.713594, -41.358881], [174.713515, -41.359605], [174.713748, -41.360355], [174.715054, -41.361884], [174.715618, -41.362211], [174.716206, -41.36238], [174.717129, -41.36225], [174.719026, -41.360886], [174.720281, -41.359072], [174.721172, -41.358458], [174.723786, -41.357959], [174.725451, -41.358175], [174.726243, -41.357687], [174.726909, -41.357528], [174.728039, -41.35557], [174.728466, -41.354459], [174.72933, -41.353508], [174.729426, -41.352786], [174.729856, -41.352203], [174.731124, -41.351267], [174.732443, -41.350927], [174.732586, -41.349865], [174.733152, -41.34936], [174.733714, -41.34918], [174.738859, -41.348913], [174.739836, -41.349503], [174.740181, -41.34953], [174.741377, -41.349136], [174.741838, -41.348609], [174.741723, -41.34789], [174.742116, -41.347591], [174.742808, -41.34724], [174.744236, -41.347054], [174.746464, -41.347552], [174.748429, -41.347358], [174.748843, -41.347555], [174.748908, -41.348665], [174.749078, -41.348899], [174.749951, -41.349062], [174.752698, -41.34901], [174.753762, -41.348855], [174.75406, -41.348624], [174.754021, -41.348332], [174.755198, -41.347791], [174.755217, -41.347452], [174.755907, -41.346663], [174.756486, -41.3461], [174.756961, -41.346045], [174.757872, -41.344924], [174.75873, -41.344897], [174.759426, -41.345142], [174.759903, -41.345539], [174.760208, -41.346363], [174.761223, -41.346057], [174.760825, -41.345252], [174.760837, -41.34481], [174.760454, -41.344409], [174.760538, -41.344273], [174.760758, -41.344443], [174.760864, -41.344258], [174.761253, -41.344603], [174.76184, -41.344493], [174.762215, -41.344669], [174.76259, -41.344237], [174.762748, -41.343971], [174.761879, -41.34355], [174.761059, -41.343423], [174.761068, -41.343066], [174.761366, -41.342741], [174.761954, -41.342836], [174.76207, -41.342211], [174.761881, -41.341725], [174.762655, -41.340272], [174.763232, -41.340134], [174.764162, -41.33935], [174.763769, -41.338491], [174.764161, -41.338128], [174.763837, -41.337992], [174.763923, -41.338277], [174.762654, -41.33876], [174.762572, -41.339023], [174.76233, -41.339104], [174.761153, -41.338878], [174.761442, -41.338725], [174.761313, -41.33828], [174.761976, -41.33843], [174.762071, -41.338195], [174.762508, -41.338214], [174.762379, -41.337654], [174.763245, -41.337712], [174.763444, -41.337342], [174.763296, -41.336976], [174.762865, -41.336898], [174.762341, -41.336474], [174.761791, -41.336516], [174.762091, -41.336026], [174.762828, -41.336286], [174.76381, -41.335352], [174.764266, -41.335333], [174.764312, -41.335094], [174.764821, -41.335239], [174.764683, -41.336423], [174.765468, -41.336741], [174.765967, -41.334815], [174.767287, -41.333183], [174.767132, -41.33207], [174.765782, -41.330702], [174.764997, -41.329593], [174.764255, -41.329017], [174.763408, -41.328828], [174.762298, -41.329239], [174.761757, -41.328738], [174.758308, -41.328049], [174.760051, -41.324513], [174.760572, -41.324475], [174.761298, -41.323996], [174.760452, -41.323615], [174.75987, -41.323708]]]]}}, {"type": "Feature", "properties": {"suburb": "Paparangi", "postcode": 6037}, "geometry": {"type": "MultiPolygon", "coordinates": [[[[174.818596, -41.212432], [174.817231, -41.211737], [174.817342, -41.211667], [174.816465, -41.210734], [174.815637, -41.210199], [174.814716, -41.212163], [174.813489, -41.213997], [174.81331, -41.214718], [174.809875, -41.22014], [174.813086, -41.220585], [174.813034, -41.221524], [174.81334, -41.221828], [174.814345, -41.221769], [174.814762, -41.221534], [174.814991, -41.221264], [174.814864, -41.221122], [174.815055, -41.220857], [174.814804, -41.220799], [174.815184, -41.219958], [174.816103, -41.220156], [174.816116, -41.22033], [174.816422, -41.220221], [174.816391, -41.220518], [174.817543, -41.221202], [174.824628, -41.222183], [174.827005, -41.212387], [174.821341, -41.211643], [174.820311, -41.212797], [174.819424, -41.212532], [174.818947, -41.212773], [174.818596, -41.212432]]]]}}, {"type": "Feature", "properties": {"suburb": "Pipitea", "postcode": 6011}, "geometry": {"type": "MultiPolygon", "coordinates": [[[[174.789872, -41.281116], [174.790138, -41.280887], [174.789972, -41.280211], [174.790205, -41.280189], [174.785928, -41.265138], [174.786419, -41.264686], [174.786537, -41.265498], [174.786705, -41.265501], [174.786686, -41.264918], [174.787027, -41.266155], [174.787154, -41.26614], [174.78702, -41.265653], [174.787399, -41.265777], [174.787413, -41.265573], [174.786993, -41.265577], [174.786922, -41.265304], [174.787237, -41.265194], [174.786907, -41.265223], [174.786711, -41.264577], [174.787289, -41.264521], [174.787364, -41.26506], [174.787569, -41.265147], [174.787997, -41.266401], [174.787859, -41.266026], [174.788013, -41.26601], [174.787393, -41.26427], [174.790593, -41.262461], [174.790699, -41.261757], [174.791081, -41.261766], [174.791276, -41.262058], [174.792202, -41.262012], [174.792905, -41.261955], [174.793477, -41.261608], [174.79376, -41.260619], [174.793626, -41.260184], [174.792917, -41.259295], [174.790852, -41.261349], [174.787803, -41.263055], [174.785694, -41.262574], [174.784785, -41.263182], [174.780641, -41.267274], [174.78107, -41.267673], [174.780676, -41.26918], [174.780834, -41.269471], [174.780608, -41.269609], [174.780769, -41.269721], [174.780536, -41.27], [174.780885, -41.270178], [174.781974, -41.272521], [174.782025, -41.272685], [174.78178, -41.272841], [174.781915, -41.272991], [174.782189, -41.272893], [174.783247, -41.274598], [174.782357, -41.274912], [174.782058, -41.27466], [174.781192, -41.275573], [174.779797, -41.275531], [174.779932, -41.275764], [174.77985, -41.277804], [174.777702, -41.277754], [174.777765, -41.276973], [174.774383, -41.276873], [174.774365, -41.277421], [174.772815, -41.277426], [174.772469, -41.278136], [174.773188, -41.277893], [174.774678, -41.278587], [174.776883, -41.278948], [174.777011, -41.279541], [174.779392, -41.282103], [174.779606, -41.281855], [174.779703, -41.282312], [174.779838, -41.282305], [174.779779, -41.281764], [174.780191, -41.281719], [174.780463, -41.282719], [174.780753, -41.282676], [174.780519, -41.28167], [174.780685, -41.281107], [174.780885, -41.281094], [174.781263, -41.282419], [174.781618, -41.282389], [174.781146, -41.280486], [174.78177, -41.280125], [174.782447, -41.281987], [174.78291, -41.281901], [174.782408, -41.279813], [174.783301, -41.278929], [174.78387, -41.281261], [174.784254, -41.281202], [174.784571, -41.281901], [174.789872, -41.281116]]]]}}, {"type": "Feature", "properties": {"suburb": "Rongotai", "postcode": 6022}, "geometry": {"type": "MultiPolygon", "coordinates": [[[[174.809636, -41.336666], [174.810711, -41.336012], [174.810815, -41.335611], [174.810585, -41.335383], [174.809948, -41.335372], [174.810202, -41.334924], [174.811055, -41.334439], [174.812061, -41.334212], [174.812557, -41.333703], [174.81296, -41.33152], [174.813184, -41.327729], [174.811705, -41.326848], [174.811284, -41.32636], [174.811252, -41.32582], [174.809229, -41.325864], [174.809049, -41.325532], [174.808777, -41.325542], [174.809469, -41.315873], [174.808333, -41.316304], [174.80593, -41.316779], [174.803825, -41.316593], [174.803862, -41.317592], [174.803212, -41.317943], [174.803922, -41.31821], [174.803797, -41.318576], [174.804047, -41.318779], [174.803457, -41.318842], [174.802849, -41.319216], [174.802304, -41.319225], [174.801585, -41.321243], [174.801633, -41.321509], [174.801224, -41.321709], [174.799352, -41.321337], [174.798549, -41.323297], [174.800513, -41.323756], [174.798751, -41.32804], [174.799047, -41.327871], [174.801526, -41.327734], [174.803792, -41.328146], [174.80378, -41.32833], [174.805419, -41.328845], [174.805691, -41.329338], [174.80515, -41.329189], [174.804764, -41.334952], [174.803602, -41.335482], [174.804497, -41.335442], [174.805459, -41.336481], [174.806292, -41.336791], [174.808078, -41.336621], [174.809136, -41.336994], [174.809636, -41.336666]]]]}}, {"type": "Feature", "properties": {"suburb": "Roseneath", "postcode": 6011}, "geometry": {"type": "MultiPolygon", "coordinates": [[[[174.803952, -41.29167], [174.804149, -41.291514], [174.804119, -41.291052], [174.80365, -41.290015], [174.804306, -41.289145], [174.804304, -41.286477], [174.804, -41.285898], [174.803206, -41.285789], [174.800744, -41.287349], [174.80085, -41.287583], [174.800463, -41.28771], [174.800246, -41.288125], [174.800764, -41.28832], [174.800584, -41.288747], [174.800026, -41.288646], [174.798542, -41.29216], [174.796338, -41.293937], [174.795476, -41.295463], [174.796885, -41.296314], [174.797235, -41.296348], [174.797529, -41.296879], [174.797892, -41.296633], [174.798156, -41.296855], [174.798593, -41.2964], [174.799312, -41.296347], [174.799699, -41.296084], [174.801114, -41.296517], [174.800915, -41.296692], [174.801169, -41.296773], [174.801268, -41.296566], [174.801849, -41.296712], [174.802248, -41.296351], [174.802982, -41.296569], [174.803636, -41.29632], [174.803581, -41.296205], [174.803964, -41.296241], [174.803819, -41.296552], [174.80477, -41.29739], [174.805451, -41.295935], [174.805424, -41.295586], [174.803591, -41.294384], [174.80383, -41.293513], [174.80306, -41.292379], [174.803145, -41.291825], [174.803952, -41.29167]]]]}}, {"type": "Feature", "properties": {"suburb": "Seatoun", "postcode": 6022}, "geometry": {"type": "MultiPolygon", "coordinates": [[[[174.828833, -41.310753], [174.828641, -41.310715], [174.828519, -41.311033], [174.828112, -41.311156], [174.827759, -41.312189], [174.82739, -41.31212], [174.82657, -41.312808], [174.825808, -41.312729], [174.82568, -41.31362], [174.825874, -41.313594], [174.825857, -41.314165], [174.825599, -41.314199], [174.825402, -41.314701], [174.824635, -41.314957], [174.824738, -41.315348], [174.825677, -41.315823], [174.825602, -41.31618], [174.824947, -41.316014], [174.824245, -41.317629], [174.823897, -41.317705], [174.82407, -41.317901], [174.824293, -41.317775], [174.824463, -41.318292], [174.824127, -41.31838], [174.823345, -41.319985], [174.824547, -41.320057], [174.82447, -41.320375], [174.824773, -41.320417], [174.824692, -41.320738], [174.825799, -41.321005], [174.82546, -41.321396], [174.825966, -41.323151], [174.827319, -41.323273], [174.827486, -41.323724], [174.827943, -41.323783], [174.828334, -41.323454], [174.828515, -41.323578], [174.828927, -41.324459], [174.828844, -41.324802], [174.828321, -41.325324], [174.828448, -41.326161], [174.828656, -41.326497], [174.829623, -41.326545], [174.829917, -41.327039], [174.828749, -41.327732], [174.830684, -41.329086], [174.832089, -41.329292], [174.833136, -41.328997], [174.833012, -41.329273], [174.834464, -41.328762], [174.835502, -41.328746], [174.837076, -41.329375], [174.837173, -41.329682], [174.837431, -41.329624], [174.837594, -41.329216], [174.837396, -41.329062], [174.837657, -41.328926], [174.837799, -41.328543], [174.837811, -41.327864], [174.83827, -41.327331], [174.838254, -41.326303], [174.838432, -41.325968], [174.838294, -41.325772], [174.839013, -41.325415], [174.838159, -41.324914], [174.836355, -41.322845], [174.831589, -41.320248], [174.83002, -41.319133], [174.830471, -41.318552], [174.829973, -41.319096], [174.829366, -41.318591], [174.828982, -41.317867], [174.828255, -41.317566], [174.827836, -41.315401], [174.828025, -41.314373], [174.828958, -41.313296], [174.829853, -41.312873], [174.830627, -41.312768], [174.830311, -41.312278], [174.830216, -41.311571], [174.829536, -41.311347], [174.82916, -41.311043], [174.829186, -41.310806], [174.828833, -41.310753]]]]}}, {"type": "Feature", "properties": {"suburb": "Southgate", "postcode": 6023}, "geometry": {"type": "MultiPolygon", "coordinates": [[[[174.783445, -41.331655], [174.782865, -41.331681], [174.782963, -41.330185], [174.781502, -41.330053], [174.7815, -41.330235], [174.781851, -41.330237], [174.781845, -41.33068], [174.782152, -41.331125], [174.781894, -41.331988], [174.780922, -41.332085], [174.780839, -41.332451], [174.78049, -41.332355], [174.780445, -41.332552], [174.78006, -41.332414], [174.779927, -41.332625], [174.78044, -41.332812], [174.780308, -41.33302], [174.780044, -41.333247], [174.779402, -41.333295], [174.779218, -41.333561], [174.77983, -41.333802], [174.779473, -41.333818], [174.779502, -41.33418], [174.779141, -41.334197], [174.779156, -41.334361], [174.779665, -41.33439], [174.77923, -41.335104], [174.779675, -41.33549], [174.779872, -41.335389], [174.779662, -41.33584], [174.78028, -41.335845], [174.780593, -41.33607], [174.780604, -41.336702], [174.781113, -41.33731], [174.78067, -41.337337], [174.780201, -41.337765], [174.779977, -41.338537], [174.780304, -41.33844], [174.780339, -41.3386], [174.780113, -41.338989], [174.780282, -41.339017], [174.780152, -41.340488], [174.779376, -41.340534], [174.778984, -41.340844], [174.776254, -41.340824], [174.776073, -41.344134], [174.778225, -41.344888], [174.77917, -41.344594], [174.779056, -41.344491], [174.780161, -41.343339], [174.78017, -41.34233], [174.781587, -41.342011], [174.781873, -41.341723], [174.781612, -41.341711], [174.781629, -41.341197], [174.781307, -41.340555], [174.781989, -41.338578], [174.782923, -41.338007], [174.783386, -41.337538], [174.78354, -41.336898], [174.784955, -41.335584], [174.784968, -41.334644], [174.784666, -41.334641], [174.784472, -41.333189], [174.78361, -41.332024], [174.784003, -41.332027], [174.784005, -41.331856], [174.783445, -41.331655]]]]}}, {"type": "Feature", "properties": {"suburb": "Strathmore Park", "postcode": 6022}, "geometry": {"type": "MultiPolygon", "coordinates": [[[[174.828927, -41.324459], [174.828334, -41.323454], [174.826985, -41.324533], [174.823368, -41.32393], [174.818008, -41.325139], [174.818007, -41.325588], [174.811252, -41.32582], [174.811284, -41.32636], [174.811705, -41.326848], [174.813184, -41.327729], [174.81296, -41.33152], [174.812576, -41.333651], [174.812118, -41.33418], [174.811055, -41.334439], [174.810918, -41.334618], [174.811175, -41.335203], [174.81327, -41.335653], [174.812545, -41.337001], [174.812946, -41.337161], [174.812877, -41.338651], [174.812676, -41.339014], [174.811845, -41.339591], [174.811988, -41.340021], [174.811826, -41.340692], [174.812192, -41.340847], [174.812184, -41.341156], [174.812593, -41.341706], [174.813757, -41.341639], [174.81434, -41.341345], [174.815639, -41.341413], [174.816349, -41.341745], [174.816468, -41.342591], [174.816969, -41.342842], [174.817372, -41.342448], [174.81742, -41.341828], [174.817991, -41.341696], [174.818064, -41.341336], [174.820381, -41.341386], [174.820833, -41.341701], [174.820962, -41.342218], [174.821818, -41.341894], [174.821479, -41.341307], [174.821641, -41.340624], [174.822928, -41.339677], [174.82234, -41.338597], [174.822752, -41.336602], [174.822053, -41.335833], [174.822647, -41.335072], [174.822548, -41.334401], [174.822707, -41.333973], [174.823236, -41.333735], [174.823296, -41.333326], [174.824059, -41.332812], [174.824299, -41.331612], [174.826086, -41.329945], [174.826834, -41.328779], [174.828501, -41.330428], [174.828994, -41.330197], [174.829522, -41.330528], [174.831287, -41.329174], [174.830684, -41.329086], [174.828749, -41.327732], [174.829917, -41.327039], [174.829623, -41.326545], [174.828656, -41.326497], [174.828448, -41.326161], [174.828321, -41.325324], [174.828844, -41.324802], [174.828927, -41.324459]]]]}}, {"type": "Feature", "properties": {"suburb": "Takapu Valley", "postcode": 5028}, "geometry": {"type": "MultiPolygon", "coordinates": [[[[174.895409, -41.15279], [174.883305, -41.147418], [174.880146, -41.151498], [174.875848, -41.149595], [174.870764, -41.156101], [174.869685, -41.155825], [174.869699, -41.154882], [174.869051, -41.154111], [174.867741, -41.154513], [174.867374, -41.155666], [174.868224, -41.15615], [174.867663, -41.156628], [174.866936, -41.156761], [174.865548, -41.156747], [174.862054, -41.155289], [174.856984, -41.162036], [174.853368, -41.160436], [174.852375, -41.163044], [174.851684, -41.162976], [174.85079, -41.163781], [174.850313, -41.166275], [174.850097, -41.166589], [174.848096, -41.168809], [174.847722, -41.16845], [174.846729, -41.168888], [174.847482, -41.169762], [174.845725, -41.170115], [174.845702, -41.170509], [174.844591, -41.170253], [174.843825, -41.170979], [174.842547, -41.170265], [174.842211, -41.170847], [174.842167, -41.171918], [174.841778, -41.173304], [174.840878, -41.173804], [174.840875, -41.174997], [174.840242, -41.175574], [174.839824, -41.176534], [174.839424, -41.176754], [174.839457, -41.177008], [174.838832, -41.177918], [174.838583, -41.177749], [174.837003, -41.178792], [174.836969, -41.179616], [174.835139, -41.179474], [174.832412, -41.181501], [174.832196, -41.182247], [174.831232, -41.182173], [174.831117, -41.183068], [174.830734, -41.183232], [174.831892, -41.184666], [174.832309, -41.18556], [174.832302, -41.186093], [174.832849, -41.183907], [174.833497, -41.182309], [174.835073, -41.181297], [174.836442, -41.17998], [174.837244, -41.179635], [174.840956, -41.179924], [174.840904, -41.180362], [174.854868, -41.18168], [174.854656, -41.184675], [174.868159, -41.186357], [174.875405, -41.17852], [174.875774, -41.176491], [174.879098, -41.177943], [174.880461, -41.17377], [174.879412, -41.173529], [174.879983, -41.172621], [174.895409, -41.15279]]]]}}, {"type": "Feature", "properties": {"suburb": "Tawa", "postcode": 5028}, "geometry": {"type": "MultiPolygon", "coordinates": [[[[174.840333, -41.152014], [174.840838, -41.150457], [174.841611, -41.149424], [174.841164, -41.148845], [174.840482, -41.149254], [174.836365, -41.150414], [174.834958, -41.151473], [174.834275, -41.15238], [174.831938, -41.151962], [174.832743, -41.149603], [174.831633, -41.149466], [174.831534, -41.149915], [174.831743, -41.149942], [174.831683, -41.150213], [174.830982, -41.150869], [174.830413, -41.152893], [174.829902, -41.153604], [174.82989, -41.154138], [174.829517, -41.154883], [174.827, -41.154568], [174.825141, -41.155833], [174.823767, -41.157319], [174.817876, -41.160938], [174.817482, -41.160891], [174.81611, -41.162306], [174.815974, -41.162749], [174.813956, -41.163816], [174.813901, -41.164071], [174.811312, -41.164136], [174.810366, -41.163744], [174.810328, -41.164543], [174.811969, -41.164333], [174.811856, -41.166178], [174.811484, -41.167125], [174.811669, -41.167599], [174.812139, -41.167892], [174.812003, -41.168243], [174.808997, -41.16786], [174.807586, -41.168019], [174.806764, -41.169702], [174.806926, -41.170483], [174.806438, -41.170972], [174.806623, -41.172369], [174.806405, -41.172948], [174.80657, -41.173186], [174.806165, -41.173771], [174.805956, -41.174962], [174.8064, -41.175711], [174.806038, -41.176067], [174.809395, -41.177924], [174.805221, -41.182305], [174.811629, -41.185872], [174.808289, -41.189362], [174.812142, -41.191242], [174.81248, -41.190865], [174.812839, -41.188192], [174.831172, -41.18954], [174.832314, -41.185812], [174.831599, -41.184159], [174.830734, -41.183232], [174.831117, -41.183068], [174.831232, -41.182173], [174.832196, -41.182247], [174.832412, -41.181501], [174.835139, -41.179474], [174.836969, -41.179616], [174.837003, -41.178792], [174.838583, -41.177749], [174.838832, -41.177918], [174.839457, -41.177008], [174.839424, -41.176754], [174.839824, -41.176534], [174.840242, -41.175574], [174.840875, -41.174997], [174.840878, -41.173804], [174.841778, -41.173304], [174.842167, -41.171918], [174.842211, -41.170847], [174.842547, -41.170265], [174.843825, -41.170979], [174.844591, -41.170253], [174.845702, -41.170509], [174.845725, -41.170115], [174.847482, -41.169762], [174.846729, -41.168888], [174.847722, -41.16845], [174.848096, -41.168809], [174.850097, -41.166589], [174.850313, -41.166275], [174.85079, -41.163781], [174.851684, -41.162976], [174.852375, -41.163044], [174.853336, -41.16059], [174.853368, -41.160436], [174.845503, -41.156989], [174.845844, -41.156593], [174.839594, -41.154593], [174.840333, -41.152014]]]]}}, {"type": "Feature", "properties": {"suburb": "Te Aro", "postcode": 6011}, "geometry": {"type": "MultiPolygon", "coordinates": [[[[174.786429, -41.290641], [174.786444, -41.290345], [174.786244, -41.290398], [174.785887, -41.288281], [174.783126, -41.288431], [174.784668, -41.290459], [174.783903, -41.290437], [174.78313, -41.289325], [174.780419, -41.289581], [174.779644, -41.291181], [174.777884, -41.290202], [174.776217, -41.288885], [174.775976, -41.289419], [174.775043, -41.288608], [174.774691, -41.289164], [174.774429, -41.288848], [174.77399, -41.289007], [174.772568, -41.288636], [174.772474, -41.288851], [174.770674, -41.288669], [174.768437, -41.292979], [174.767826, -41.293021], [174.767447, -41.293647], [174.767968, -41.293814], [174.767746, -41.294209], [174.771233, -41.295313], [174.770422, -41.29679], [174.775547, -41.298438], [174.775829, -41.297935], [174.780606, -41.299514], [174.784238, -41.293067], [174.784526, -41.293232], [174.78643, -41.291722], [174.786154, -41.29136], [174.786429, -41.290641]]]]}}, {"type": "Feature", "properties": {"suburb": "Thorndon", "postcode": 6011}, "geometry": {"type": "MultiPolygon", "coordinates": [[[[174.774836, -41.265247], [174.772964, -41.264905], [174.769299, -41.267752], [174.766476, -41.279202], [174.765361, -41.278691], [174.764765, -41.279358], [174.765925, -41.280005], [174.765701, -41.28024], [174.766732, -41.280774], [174.769194, -41.278869], [174.771288, -41.279217], [174.772469, -41.278136], [174.772772, -41.277444], [174.774365, -41.277421], [174.774383, -41.276873], [174.777765, -41.276973], [174.777702, -41.277754], [174.77985, -41.277804], [174.779932, -41.275764], [174.779797, -41.275531], [174.781192, -41.275573], [174.782058, -41.27466], [174.782357, -41.274912], [174.783247, -41.274598], [174.782189, -41.272893], [174.781915, -41.272991], [174.78178, -41.272841], [174.782025, -41.272685], [174.781974, -41.272521], [174.780885, -41.270178], [174.780536, -41.27], [174.780769, -41.269721], [174.780608, -41.269609], [174.780834, -41.269471], [174.780676, -41.26918], [174.78107, -41.267673], [174.780641, -41.267274], [174.781446, -41.26654], [174.781062, -41.266336], [174.780484, -41.266814], [174.779125, -41.267424], [174.77812, -41.266567], [174.777887, -41.265996], [174.777109, -41.266125], [174.775944, -41.265377], [174.774836, -41.265247]]]]}}, {"type": "Feature", "properties": {"suburb": "Vogeltown", "postcode": 6021}, "geometry": {"type": "MultiPolygon", "coordinates": [[[[174.769879, -41.310327], [174.76874, -41.310289], [174.768696, -41.310548], [174.768178, -41.310526], [174.768051, -41.311293], [174.768195, -41.311302], [174.768181, -41.311621], [174.767743, -41.311736], [174.767694, -41.312044], [174.766847, -41.311985], [174.766784, -41.312283], [174.766562, -41.312306], [174.766787, -41.313174], [174.766373, -41.313121], [174.766268, -41.314311], [174.766566, -41.314337], [174.766589, -41.314568], [174.76621, -41.314662], [174.766166, -41.314928], [174.76665, -41.314951], [174.766851, -41.315322], [174.766575, -41.31531], [174.766466, -41.316213], [174.768104, -41.316268], [174.768272, -41.316051], [174.768399, -41.316278], [174.77173, -41.31638], [174.771993, -41.310394], [174.769879, -41.310327]]]]}}, {"type": "Feature", "properties": {"suburb": "Wadestown", "postcode": 6012}, "geometry": {"type": "MultiPolygon", "coordinates": [[[[174.777794, -41.256749], [174.776348, -41.256841], [174.776128, -41.257233], [174.7756, -41.257564], [174.775522, -41.257894], [174.775862, -41.258053], [174.775831, -41.258192], [174.775202, -41.258498], [174.774452, -41.258474], [174.773189, -41.257769], [174.772772, -41.257867], [174.771078, -41.259155], [174.771268, -41.259638], [174.771673, -41.259851], [174.771438, -41.260292], [174.771153, -41.260122], [174.770103, -41.26044], [174.769925, -41.26007], [174.76914, -41.259725], [174.768213, -41.260458], [174.766884, -41.26056], [174.766314, -41.26088], [174.764802, -41.261255], [174.763446, -41.262353], [174.763611, -41.262592], [174.763842, -41.26242], [174.764659, -41.263006], [174.764239, -41.263127], [174.764398, -41.263479], [174.764186, -41.26471], [174.764314, -41.265258], [174.765411, -41.265817], [174.766483, -41.266061], [174.766979, -41.266485], [174.768455, -41.266686], [174.768658, -41.267034], [174.769329, -41.26716], [174.769111, -41.26772], [174.769287, -41.267762], [174.772964, -41.264905], [174.775944, -41.265377], [174.777109, -41.266125], [174.777887, -41.265996], [174.77812, -41.266567], [174.779125, -41.267424], [174.780484, -41.266814], [174.781062, -41.266336], [174.781446, -41.26654], [174.784785, -41.263182], [174.786693, -41.261815], [174.787319, -41.261097], [174.787371, -41.26076], [174.787172, -41.260677], [174.787176, -41.260459], [174.784749, -41.258843], [174.783831, -41.258751], [174.782791, -41.25777], [174.781797, -41.258546], [174.78096, -41.25857], [174.778715, -41.25772], [174.778801, -41.257156], [174.777794, -41.256749]]]]}}, {"type": "Feature", "properties": {"suburb": "Wellington Central", "postcode": 6011}, "geometry": {"type": "MultiPolygon", "coordinates": [[[[174.780419, -41.289581], [174.78059, -41.288945], [174.78033, -41.288915], [174.780255, -41.28827], [174.779554, -41.2878], [174.779231, -41.286124], [174.779624, -41.285979], [174.779444, -41.284938], [174.779889, -41.284912], [174.780022, -41.285732], [174.780397, -41.285696], [174.780056, -41.283669], [174.779579, -41.283715], [174.779697, -41.284481], [174.779336, -41.284517], [174.779193, -41.283762], [174.779532, -41.282938], [174.779407, -41.282111], [174.777011, -41.279541], [174.776883, -41.278948], [174.774678, -41.278587], [174.773188, -41.277893], [174.772937, -41.278166], [174.773662, -41.281993], [174.773625, -41.282942], [174.77291, -41.284372], [174.772975, -41.284578], [174.770674, -41.288669], [174.772474, -41.288851], [174.772568, -41.288636], [174.77399, -41.289007], [174.774429, -41.288848], [174.774691, -41.289164], [174.775043, -41.288608], [174.775976, -41.289419], [174.776217, -41.288885], [174.777884, -41.290202], [174.779644, -41.291181], [174.780419, -41.289581]]]]}}, {"type": "Feature", "properties": {"suburb": "Wilton", "postcode": 6012}, "geometry": {"type": "MultiPolygon", "coordinates": [[[[174.754175, -41.259287], [174.751163, -41.257027], [174.747196, -41.259929], [174.746953, -41.259873], [174.745727, -41.260708], [174.740686, -41.264456], [174.749465, -41.270683], [174.752551, -41.269789], [174.752687, -41.270559], [174.753041, -41.270913], [174.752814, -41.271511], [174.7532, -41.271616], [174.752416, -41.272162], [174.752452, -41.273021], [174.752824, -41.273728], [174.753321, -41.276162], [174.752918, -41.277776], [174.753282, -41.278131], [174.75348, -41.278819], [174.753337, -41.279134], [174.752668, -41.279509], [174.753242, -41.280113], [174.754327, -41.279889], [174.755164, -41.279409], [174.755639, -41.278538], [174.755555, -41.277325], [174.756286, -41.275841], [174.755847, -41.274478], [174.756683, -41.2744], [174.757486, -41.275155], [174.759076, -41.275143], [174.759091, -41.274523], [174.758338, -41.273624], [174.758414, -41.27308], [174.758137, -41.273011], [174.758315, -41.272595], [174.760694, -41.271624], [174.762652, -41.271994], [174.76294, -41.271471], [174.76452, -41.271647], [174.766056, -41.27039], [174.76828, -41.2719], [174.769329, -41.26716], [174.768658, -41.267034], [174.768257, -41.266589], [174.766979, -41.266485], [174.766483, -41.266061], [174.765411, -41.265817], [174.764314, -41.265258], [174.764186, -41.26471], [174.764398, -41.263479], [174.764239, -41.263127], [174.764659, -41.263006], [174.763842, -41.26242], [174.763611, -41.262592], [174.763446, -41.262353], [174.763196, -41.26283], [174.762348, -41.263191], [174.763048, -41.262521], [174.763122, -41.261927], [174.763718, -41.261532], [174.763373, -41.26134], [174.762421, -41.261432], [174.762144, -41.261572], [174.762191, -41.261895], [174.761635, -41.262156], [174.76115, -41.262053], [174.760919, -41.261681], [174.760638, -41.261663], [174.760561, -41.262118], [174.761204, -41.262379], [174.760912, -41.262997], [174.759958, -41.262744], [174.759522, -41.263419], [174.758007, -41.263495], [174.758168, -41.262596], [174.757795, -41.262316], [174.7581, -41.262088], [174.755049, -41.259749], [174.75492, -41.259846], [174.754175, -41.259287]]]]}}, {"type": "Feature", "properties": {"suburb": "Woodridge", "postcode": 6037}, "geometry": {"type": "MultiPolygon", "coordinates": [[[[174.83398, -41.202181], [174.827845, -41.208951], [174.825388, -41.219052], [174.830106, -41.219632], [174.830149, -41.219459], [174.831071, -41.219567], [174.830857, -41.220558], [174.831013, -41.221029], [174.83189, -41.221148], [174.832005, -41.220724], [174.833367, -41.220756], [174.833778, -41.220943], [174.833832, -41.221175], [174.834499, -41.221312], [174.842259, -41.216887], [174.8469, -41.21449], [174.838865, -41.213501], [174.842386, -41.207313], [174.837481, -41.202606], [174.83398, -41.202181]]]]}}]}
